科目,出題回,問題文,選択肢1,選択肢2,選択肢3,選択肢4,正解,解説
医療概論,25,急性期病院からの退院支援において､患者および家族と相談する際に同席すべき院内の職種として最もふさわしいのはどれか。,管理栄養士,保健師,医療ソーシャルワーカー,臨床心理士,3,
医療概論,25,医療保険について正しいのはどれか。,医師の同意を得た鍼施術は療養の対象となる。,組合管掌保険は自由に付加給付を行うことができる。,協会けんぽは被用者保険である。,現金が支給されることはない。,3,
医療概論,26,平成26年度の国民医療費について正しいのはどれか。 ,40兆円を超える。 ,介護保険の費用が含まれる。,国民所得比は15％を超える。 ,財源は患者負担が40％を超える。,1,
医療概論,26,公的医療保険の対象となるのはどれか。 ,インフルエンザの予防接種 ,正常分娩 ,人間ドック ,禁煙治療,4,
医療概論,27,"介護及び機能訓練その他必要な医療並びに日常生活の世話を行うことを目
的とするのはどれか。",介護老人保健施設,介護老人福祉施設,地域包括ケア病棟,グループホーム,1,
医療概論,27,介護保険の第1号被保険者はどれか。,18 歳以上,20 歳以上,40 歳以上,65 歳以上,4,
医療概論,28,要介護者に対して、居宅、通所、短期間宿泊により、入浴、排泄、食事等の介護、その他の日常生活上の世話や機能訓練を行うのはどれか。,小規模多機能型居宅介護,認知症対応型共同生活介護,定期巡回・随時対応型訪問介護看護,地域密着型通所介護,1,
医療概論,28,加入者と医療保険の組合せで正しいのはどれか。,自営業　---　共済組合,国家公務員　---　協会けんぽ,私立学校教員　---　健康保険組合,無職者　---　国民健康保険,4,
医療概論,28,ヒトを対象とした医学研究の倫理について定めたのはどれか。,アルマ・アタ宣言,患者の権利宣言,ジュネーブ宣言,ヘルシンキ宣言,4,
医療概論,29,我が国の国民医療費の現状について正しいのはどれか。,対国民所得比は15％を超える。,国民医療費は50兆円を超える。,財源は患者負担が30％を超える。,国民一人あたりの医療費は年間30万円を超える。,4,
医療概論,29,患者が治療に対して積極的に関わり、その決定を遵守するのはどれか。,アドヒアランス,コンプライアンス,患者の自己決定権,インフォームド・コンセント,1,
医療概論,29,地域医療計画の策定における第三次医療圏の圏域に相当するのはどれか。,市町村単位,広域市町村単位,都道府県単位,広域都道府県単位,3,
医療概論,29,介護保険制度について正しいのはどれか。,介護保険料は全国一律である。,被保険者は75歳以上の者である。,要介護認定の申請は市区町村に対して行う。,地域包括支援センターは都道府県が設置する。,3,
医療概論,30,介護保険制度の保険者はどれか。,国,都道府県,市町村,介護施設,3,
医療概論,30,我が国の国民医療費に含まれるのはどれか。,正常分娩の費用,訪問介護の療養費用,入院時室料差額の費用,予防接種の費用,2,
医療概論,30,被用者保険でないのはどれか。,船員保険,共済組合,協会けんぽ,国民健康保険,4,
医療概論,30,患者が「よろしくお願いします」と言い、医療従事者が「お任せください」と言う会話から考えられる両者の関係はどれか。,バターナリズム,セカンドオピニオン,インフォームド・アセント,インフォームド・コンセント,1,
医療概論,31,多職種連携によるチーム医療について望ましいのはどれか。,リーダーを特定の職種に固定する。,職種間で目的と情報を共有する。,他の職種の業務内容に立ち入らない。,患者・家族の参加はしない。,2,
医療概論,31,人生の最終段階に実施する医療を示すのはどれか。,QOL,ターミナルケア,バイオエシックス,ノーマライゼーション,2,
医療概論,31,2017年の被用者保険で加入者が最も多いのはどれか。,共済組合,船員保険,協会けんぽ,組合管掌健康保険,3,
医療概論,31,「医師は子どものことを思う親のように、患者は親に保護される子どものように行動する」と表現される医療従事者と患者の関係はどれか。,パターナリズム,セカンドオピニオン,工学モデル,契約モデル,1,
医療概論,32,医療法において、地域の医療従事者の研究実施が規定されているのはどれか。,介護老人保健施設,地域医療支援病院,特定機能病院,臨床研究中核病院,2,
医療概論,32,難病に対する公費負担医療に期待される役割として最も適切なのはどれか。,国家賠償,公衆衛生,社会福祉,研究推進,4,
医療概論,32,チーム医療を推進するのに望ましくないのはどれか。,職種による専門性,職種間の情報共有,職種間の上下関係,職種による業務分担,3,
医療概論,32,ケアプランを作成できる職種はどれか。,社会福祉士,ホームヘルパー,介護支援専門員,医療ソーシャルワーカー,3,
医療概論,33,医学研究の倫理に関する宣言はどれか。,ジュネーブ宣言,ヘルシンキ宣言,リスボン宣言,アルマ・アタ宣言,2,
医療概論,33,我が国の国民医療費に含まれるのはどれか。,予防接種の費用,健康診断の費用,帝王切開の費用,入院時室料差額の費用,3,
医療概論,33,公費医療の対象とならないのはどれか。,生活保護法による医療扶助,母子保健法による養育医療,労働者災害補償保険法による療養,精神保健福祉法による措置入院,3,
医療概論,33,パターナリズムに基づいている行為はどれか。,治療方針は医療者が決める。,個人情報の保護に取り組む。,患者の自己決定権を尊重する。,患者の治療内容の説明を受ける。,1,
医療概論,34,我が国の2023年度の指定難病において、受給者証所持者数が最も多いのはどれか。,パーキンソン病,潰瘍性大腸炎,全身性エリテマトーデス,クローン病,1,
医療概論,34,あはき施術者の倫理について正しいのはどれか。,施術者本位の施術,施術者の利益優先,患者家族の要求優先,患者の苦痛への共感,4,
医療概論,34,名称独占に加えて、業務独占を伴う医療従事者はどれか。,理学療法士,作業療法士,保健師,看護師,4,
医療概論,34,介護保険制度について正しいのはどれか。,保険者は都道府県である。,被保険者は75歳以上である。,要介護の認定区分は5つである。,介護報酬の改定は毎年行われる。,3,
衛生学・公衆衛生学,25,公費医療の対象とならないのはどれか。,生活保護法による医療扶助,労働基準法による業務上疾病の治療,母子保健法による養育医療,精神保健及び精神障害者福祉に関する法律による措置入院,2,
衛生学・公衆衛生学,25,我が国の平成26年の業務上疾病で最も多いのはどれか。,物理的因子による疾病,化学物質による疾病,じん肺および合併症,災害性腰痛,4,
衛生学・公衆衛生学,25,精神障害について正しいのはどれか。,認知症は知能が生来低下している状態である｡,適応障害は脳の器質的障害が原因である。,抑うつは意識レベルの程度を表している｡,てんかん発作は一時的な意識消失を伴う。,4,
衛生学・公衆衛生学,25,遺伝する疾患はどれか。,アザラシ肢症,フェニルケトン尿症,ハンセン病,先天性風疹症候群,2,
衛生学・公衆衛生学,25,特定健康診査で必須の項目はどれか。,総コレステロール,眼底所見,γ-GTP,心電図,3,
衛生学・公衆衛生学,25,地球上から根絶された感染症はどれか。,破傷風,コレラ,ポリオ,痘そう,4,
衛生学・公衆衛生学,25,予防接種に生ワクチンを使用するのはどれか。,百日咳,肺炎球菌,麻疹,日本脳炎,3,
衛生学・公衆衛生学,25,我が国の人口統計について正しいのはどれか。,生後4週未満の死亡統計から乳児死亡率を算出できる。,死亡診断書は死因統計の基礎データとなる。,国勢調査は人口動態統計である。,死因統計はICFに従って分類される。,2,
衛生学・公衆衛生学,25,WHOの主な活動はどれか。,地域紛争の解決,保健統計の刊行,労働条件の改善,難民の救済援助,2,
衛生学・公衆衛生学,26,施術者の倫理について正しいのはどれか。 ,業務上知り得た患者の秘密は研究目的であっても漏らしてはならない。 ,「ヒポクラテスの誓い」は現代には通用しない。 ,利益向上のためにはQOLは考えなくてもよい。 ,「患者の権利宣言」は日本には適用されない。,1,
衛生学・公衆衛生学,26,市町村保健センターの役割はどれか。 ,食品衛生に関する業務 ,環境衛生に関する業務 ,エイズに関する相談 ,乳幼児健診,4,
衛生学・公衆衛生学,26,平成25年の国民生活基礎調査において、高齢者が要介護となる原因として最も頻度が高いのはどれか。 ,関節疾患 ,高齢による衰弱 ,骨折･転倒 ,脳血管疾患 ,4,
衛生学・公衆衛生学,26,人口静態統計で調べる項目はどれか。 ,人口 ,死亡 ,出生 ,結婚,1,
衛生学・公衆衛生学,26,アニサキスの主症状はどれか。 ,発熱 ,腹痛 ,下痢 ,血尿,2,
衛生学・公衆衛生学,26,精神保健について正しいのはどれか。 ,統合失調症は脳の器質的疾患である。 ,認知症では夜間せん妄を生じやすい。 ,うつ病では見当識障害を生じやすい。 ,適応障害の主症状は幻覚である。,2,
衛生学・公衆衛生学,26,リケッチア感染症はどれか。 ,梅毒 ,デング熱 ,ジフテリア ,ツツガムシ病,4,
衛生学・公衆衛生学,26,滅菌に用いられるのはどれか。 ,アルコール ,塩素ガス ,高圧蒸気 ,紫外線,3,
衛生学・公衆衛生学,27,患者に対する施術者の役割で適切なのはどれか。,援助者,管理者,指導者,保護者,1,
衛生学・公衆衛生学,27,我が国の 2016 年に発生した業務上疾病で最も多いのはどれか。,腰痛,じん肺,心疾患,酸素欠乏症,1,
衛生学・公衆衛生学,27,虐待を受けたと思われる児童を発見した者が通告する施設はどれか。,保健所,児童相談所,地域包括ケアセンター,市町村保健センター,2,
衛生学・公衆衛生学,27,我が国の 2014 年の患者調査で医療機関を受診している総患者数が最も多 いのはどれか。,高血圧性疾患,糖尿病,脳血管疾患,悪性新生物,1,
衛生学・公衆衛生学,27,二次予防はどれか,栄養指導,検　疫,健康診断,後遺症予防,3,
衛生学・公衆衛生学,27,生体内でホルモンの作用に影響を与える外因性物質の総称はどれか。,大気汚染物質,浮遊粒子状物質,内分泌撹乱化学物質,揮発性有機化合物,3,
衛生学・公衆衛生学,27,我が国の 2014 年の患者調査で精神障害による入院患者が最も多いのはど れか。,統合失調症,気分障害,神経症性障害,てんかん,1,
衛生学・公衆衛生学,27,再興感染症はどれか。,SARS,エボラ出血熱,ウエストナイル熱,結　核,4,
衛生学・公衆衛生学,27,滅菌に用いられるのはどれか。,グルタールアルデヒド（グルタラール）,ポビドンヨード,逆性石けん,オートクレーブ,4,
衛生学・公衆衛生学,28,疾病の三次予防はどれか。,健康教育,予防接種,健康診査,リハビリテーション,4,
衛生学・公衆衛生学,28,精神保健について誤っているのはどれか。,長期に社会的入院をしている患者に退院促進支援事業を行う。,長期医療計画に精神疾患が加えられた。,ハローワークで就労支援を行う。,精神保健福祉センターは各市町村に置かれる。,4,
衛生学・公衆衛生学,28,白内障の原因になりにくいのはどれか。,紫外線,可視光線,赤外線,マイクロ波,2,
衛生学・公衆衛生学,28,高齢者の医療の確保に関する法律に基づいて実施されるのはどれか。,がん検診,肝炎ウイルス検診,特定健康診査,骨粗鬆症検診,3,
衛生学・公衆衛生学,28,日本人の食生活について過剰摂取となっている栄養素はどれか。,食物繊維,カルシウム,亜　鉛,ナトリウム,4,
衛生学・公衆衛生学,28,1994年の国際人口開発会議(カイロ会議)で提唱された性と生殖に関する概念はどれか。,リプロダクティブ・ヘルス/ライツ,プライマリ・ヘルス・ケア,ヘルスプロモーション,ファミリー・プランニング,1,
衛生学・公衆衛生学,28,感染症の予防及び感染症の患者に対する医療に関する法律(感染症法)に定められた感染症で致命率が最も高いのはどれか。,エボラ出血熱,中東呼吸器症候群(MERS),腸管出血性大腸菌感染症,デング熱,1,
衛生学・公衆衛生学,28,曝露群が非曝露群に比べて何倍疾病に罹りやすいかを示す疫学指標はどれか。,相対危険,寄与危険,寄与危険割合,集団寄与危険,1,
衛生学・公衆衛生学,29,2019年の食中毒統計において食虫毒の発生件数が最も多いのはどれか。,家　庭,学　校,病　院,飲食店,4,
衛生学・公衆衛生学,29,皮膚の消毒に用いないのはどれか。,アルコール類,塩素系消毒剤,ヒグアナイド系消毒剤,ヨウ素系消毒剤,2,
衛生学・公衆衛生学,29,総務省が実施する調査はどれか。,国勢調査,人口動態調査,国民生活基礎調査,国民健康・栄養調査,1,
衛生学・公衆衛生学,29,生体に照射してもイオン化しない放射線はどれか。,陽子線,中性子線,赤外線,エックス線,3,
衛生学・公衆衛生学,29,地域の衛生状態や生活水準の影響を最も反映しやすい母子保健統計の指標はどれか。,乳児死亡率,死産率,妊産婦死亡率,周産期死亡率,1,
衛生学・公衆衛生学,29,空気感染症対策が有効なのはどれか。,赤　痢,コレラ,結　核,ポリオ,3,
衛生学・公衆衛生学,30,疾病予防について、ハイリスクアプローチはどれか。,受動喫煙を減らすための法整備,食習慣改善のための広報活動,市民対象のウォーキング大会の実施,喫煙者に対する禁煙指導の実施,4,
衛生学・公衆衛生学,30,2019年度学校保健統計調査において中学生・高校生で被患率が最も高いのはどれか。,むし歯,裸眼視力1.0未満,鼻・副鼻腔疾患,ぜん息,2,
衛生学・公衆衛生学,30,疫学指標について、横断調査により明らかになるのはどれか。,有病率,罹患率,死亡率,致命率,1,
衛生学・公衆衛生学,30,保健所について誤っているのはどれか。,地域保健法で規定される。,保健所長は医師である必要がある。,栄養の改善および食品衛生に関する業務を行う。,地域保健に係る統計に関する業務を行う。,2,
衛生学・公衆衛生学,30,運動により減少することが期待されるのはどれか。,心拍出量,最大酸素摂取量,末梢血管抵抗,インスリン感受性,3,
衛生学・公衆衛生学,30,産業衛生管理のうち作業管理はどれか。,作業場の換気,防塵マスクの使用,定期健康診断の実施,作業環境測定の実施,2,
衛生学・公衆衛生学,31,疫学予防の段階について、二次予防に分類されるのはどれか。,遺伝相談,感染経路対策,発がん物質対策,スクリーニング検査,4,
衛生学・公衆衛生学,31,上水道の水質基準で「検出されないこと」と決められているのはどれか。,大腸菌,水　銀,ヒ　素,総トリハロメタン,1,
衛生学・公衆衛生学,31,結核対策で早期発見を目的とするのはどれか。,結核登録,定期健康診断,定期予防接種,家庭訪問指導,2,
衛生学・公衆衛生学,31,我が国の国民の1日平均歩数に関する公的統計を公表している調査はどれか。,国勢調査,人口動態統計,国民生活基礎調査,国民健康・栄養調査,4,
衛生学・公衆衛生学,31,特定健康診査・特定健康指導について正しいのはどれか。,健康増進法に基づいて実施される。,実施主体は医療保険者である。,75歳以上が対象となる。,がん検診のことである。,2,
衛生学・公衆衛生学,31,人口動態統計で示される指標はどれか。,健康寿命,有訴者率,離婚件数,通院者数,3,
衛生学・公衆衛生学,32,海産魚介類の生食により激しい胃痛を起こすのはどれか。,クリプトスポリジウム,黄色ブドウ球菌,サルモネラ属,アニサキス,4,
衛生学・公衆衛生学,32,日常生活を送るために最低限必要な動作を示すのはどれか。,QOL,ADL,PHC,BMI,2,
衛生学・公衆衛生学,32,施術者の手指消毒に適切なのはどれか。,紫外線,オキシドール,70％アルコール,エチレンオキサイドガス,3,
衛生学・公衆衛生学,32,男性において、生活習慣病のリスクを高める1日あたりの純アルコール摂取量はどれか。,10グラム以上,20グラム以上,30グラム以上,40グラム以上,4,
衛生学・公衆衛生学,32,ある要因への曝露群と非曝露群の罹患率の差を評価する疫学指標はどれか。,寄与危険度,オッズ比,有病率,相対危険度,1,
衛生学・公衆衛生学,32,持続可能な開発目標(SDGs)の17のゴールに含まれるのはどれか。,再生医療の促進,ジェンダー平等,救急医療の充実,少子高齢化対策,2,
衛生学・公衆衛生学,33,疾病予防に関するハイリスクアプローチでないのはどれか。,喫煙者に禁煙指導の実施,市民を対象としたウォーキング大会の実施,糖尿病予備軍に運動指導の実施,塩分摂取量が多い者に食事指導の実施,2,
衛生学・公衆衛生学,33,我が国の2021年度の学校管理下における死亡で最も多いのはどれか。,突然死,溺死以外の窒息死,全身打撲,頭部外傷,1,
衛生学・公衆衛生学,33,現在の新型コロナウイルス感染症(COVID-19)の感染症法上の位置づけどれか。,5類感染症,新型インフルエンザ等感染症,指定感染症,新感染症,1,
衛生学・公衆衛生学,33,産業衛生管理のうち作業管理はどれか。,作業場の換気,作業環境測定の実施,定期健康診断の実施,呼吸用保護具の使用,4,
衛生学・公衆衛生学,33,分母が出生数である疫学指標はどれか。,死産率,乳児死亡率,周産期死亡率,妊産婦死亡率,2,
衛生学・公衆衛生学,33,洗浄剤を配合した消毒液をよく泡立てて流水で流す手指消毒方法はどれか。,スワブ法,ベースン法,スクラブ法,ラビング法,3,
衛生学・公衆衛生学,34,健康日本21(第三次)で示された「自然に健康になれる環境づくり」に相当する疾病の予防段階はどれか。,0次予防,1次予防,2次予防,3次予防,1,
衛生学・公衆衛生学,34,我が国の2023年度の児童虐待相談において、主な虐待者として最も多いのはどれか。,実　母,実　父,実母以外の母親,実父以外の父親,1,
衛生学・公衆衛生学,34,結核患者が使用した食器の洗浄に用いるのに、必要かつ十分なのはどれか。,ビグアナイド系消毒剤,塩素系消毒剤,逆性石けん,中性洗剤,4,
衛生学・公衆衛生学,34,精神保健福祉法に基づく緊急措置入院における入院期限として正しいのはどれか。,24時間,72時間,1週間,1か月間,2,
衛生学・公衆衛生学,34,小学校就学予定者に対する就学時健康診断を行うのはどれか。,学　校,保健所,都道府県医師会,市町村教育委員会,4,
衛生学・公衆衛生学,34,ある一時点での集団内における特定の病気もつ者の割合を示す疫学指標はどれか。,罹患率,有病率,偽陽性率,偽陰性率,2,
関係法規,25,あん摩マツサージ指圧師、はり師、きゆう師等に関する法律で、休止していた施術所を再開する際の必要な届け出の期限はどれか。,再開前5日以内,再開後10日以内,再開前7日以内,再開後30日以内,2,
関係法規,25,あん摩マツサージ指圧師、はり師、きゆう師等に関する法律で、施術者が免許の取消し処分を受けたときに5日以内にしなければならないのはどれか。,名簿登録の消除を申請する。,免許証の再交付を申請する。,施術所の廃止を届け出る。,免許証を返納する。,4,
関係法規,25,あん摩マツサージ指圧師、はり師、きゆう師等に関する法律で、はり師が必要な消毒をしなかったときの罰則はどれか。,1年以下の懲役,期間を定めた業務停止,30万円以下の罰金,50万円以下の罰金,3,
関係法規,25,受動喫煙の防止を規定しているのはどれか。,地域保健法,健康増進法,介護保険法,高齢者の医療の確保に関する法律,2,
関係法規,26,あん摩マッサージ指圧師、はり師、きゆう師等に関する法律で、再免許を与えることができるのはど れか。 ,免許取消しの事由に該当しなくなったとき ,免許証を紛失したとき ,誤って免許証を破いてしまったとき ,故意に免許証を汚したとき ,1,
関係法規,26,あん摩マッサージ指圧師、はり師、きゆう師等に関する法律で、免許証を返納しなければならないの はどれか。 ,再交付を申請するとき ,書換え交付を申請するとき ,再免許を申請するとき ,名簿登録の削除を申請するとき ,4,
関係法規,26,あん摩マツサージ指圧師、はり師、きゆう師等に関する法律で、施術所につき衛生上必要な措置が講じられていないとき、その使用制限を命じることができるのはどれか。,厚生労働大臣 ,都道府県知事 ,市区町村長 ,保健所長 ,2,
関係法規,26,助産所について定めている法律はどれか。 ,地域保健法 ,医師法 ,保健師助産師看護師法 ,医療法,4,
関係法規,27,生活保護法による扶助で現物給付はどれか,教育扶助,住宅扶助,医療扶助,生活扶助,3,
関係法規,27,あん摩マツサージ指圧師、はり師、きゆう師等に関する法律で、免許証を 返納しなければならないのはどれか。,施術者が失踪宣告を受けたとき,免許証の再交付を申請するとき,免許証の書換え交付を申請するとき,再免許を申請するとき,1,
関係法規,27,あん摩マツサージ指圧師、はり師、きゆう師等に関する法律に基づいて施術所を開設した場合、適切でないのはどれか。,待合室は 10 平方メートルとした。,施術に用いる器具・手指等の消毒設備を用意した。,採光、照明及び換気を充分にした。,施術室の一角を待合室とした。,4,
関係法規,27,あん摩マツサージ指圧師、はり師、きゆう師等に関する法律で、業務停止 を命ぜられた者がその期間中に業務を行った場合の罰則はどれか。,免許取消し,30 万円以下の罰金,50 万円以下の罰金,1 年以下の懲役,2,
関係法規,28,施術所の名称を考えるときに遵守しなければならない法律はどれか。,医師法,医療法,保健師助産師看護師法,理学療法士及び作業療法士法,2,
関係法規,28,あん摩マツサージ指圧師、はり師、きゆう師等に関する法律(あはき法)で、はり師、きゆう師免許を受けようとするとき、申請書に添える必要がないのはどれか。,麻薬、大麻もしくはあへんの中毒者であるかないかに関する医師の診断書,戸籍の謄本または抄本,はり師、きゅう師の学校または養成施設の卒業(終了)証明書,はり師国家試験、きゅう師国家試験合格証明書の写し,3,
関係法規,28,あん摩マツサージ指圧師、はり師、きゆう師等に関する法律(あはき法)で施術者もしくは施術所の開設者から必要な報告を提出させることができるのはどれか。,市町村長,都道府県知事,地方厚生局長,厚生労働大臣,2,
関係法規,28,あん摩マツサージ指圧師、はり師、きゆう師等に関する法律(あはき法)であらかじめ届出なければならないのはどれか。,専ら出張による業務を始めるとき,休止していた施術所を再開するとき,届出区域外に滞在して業務を行おうとするとき,施術所を廃止しようとするとき,3,
関係法規,29,あはき法で、施術所の構造設備について正しいのはどれか。,待合室は6.6平方メートル以上でなければならない。,施術室は専用でなければならない。,施術室は、室面積の5分の1以上に相当する部分を外気に開放しうるものでなければならない。,施術に用いる器具、手指等の消毒室を設けなければならない。,2,
関係法規,29,あはき法で、30万円以下の罰金に処されるのはどれか。,きゅう師が灸頭鍼を行った。,虚偽の事実に基づいてきゅう師免許を取得した。,はり師が医師の同意を得ずに骨折の患部に鍼施術をした。,はり師に必要な消毒をせずに鍼施術した。,4,
関係法規,29,保健所の設置根拠となる法律はどれか。,医療法,感染症法,健康増進法,地域保健法,4,
関係法規,30,あはき法で、都道府県知事が施術者に対し、衛生上害を生ずるおそれがあると認める業務に関して必要な支持をするとき、その指示に関して意見を述べることができるのはどれか。,地方厚生局長,市町村長,保健所長,医師の団体,4,
関係法規,30,あはき法における施術所の届出事項で、変更が必要でないのはどれか。,出張による施術を開始した。,業務に従事する施術者が変わった。,施術室を広くした。,開設者が変わった。,1,
関係法規,30,あはき法で、施術者について広告できるのはどれか。,パルス鍼,やいと,認定鍼灸師,労災保険の適応,2,
関係法規,30,あはき法で定められている罰則で量刑が最も重いのはどれか。,はり師が消毒をせずに施術した。,施術所の開設を届け出なかった。,施術者が都道府県知事の指示に違反した。,施術者が秘密保持義務に違反した。,4,
関係法規,31,あはき法で、施術者が本籍地の都道府県を変更したときにしなければならないのはどれか。,免許証の書換え交付申請,免許証の再交付申請,免許証の返納,名簿登録事項の訂正申請,4,
関係法規,31,あはき法で、施術者が都道府県知事に虚偽の報告をしたときの罰則はどれか。,免許の取消し,1年以下の懲役,50万円以下の罰金,30万円以下の罰金,4,
関係法規,31,あはき法で、施術者の住所地の都道府県知事に届け出るよう定めているのはどれか。,施術所を開設したときの届出,区域外に滞在して業務を行う届出,専ら出張のみによる業務を開始したときの届出,休止していた施術所を再開したときの届出,3,
関係法規,31,都道府県等に医療安全支援センターを設けるよう定めている法律はどれか。,医療法,健康増進法,地域保健法,医療品医療機器等法,1,
関係法規,32,あはき法に規定される施術所の構造設備について誤っているのはどれか。,施術室は、室面積の8分の1に相当する部分を外気に開放しうる。,施術室の隣室に器具、手指等の消毒の設備を設ける。,8.8平方メートルの専用の施術室を有する。,6.6平方メートルの待合室を有する。,1,
関係法規,32,あはき法で、施術所について広告できるのはどれか。,美容鍼,中国鍼,小児鍼,電気鍼,3,
関係法規,32,あはき法に規定される申請・届出と、その期限の組合せで正しいのはどれか。,国家試験合格時の免許申請　ー　30日以内,氏名変更時の免許証再交付申請　ー　10日以内,届出区域外での業務開始時の届出　ー　10日以内,免許取消時の免許証返納　ー　5日以内,4,
関係法規,32,施術所の名称を付ける際に留意しなければならない法律はどれか。,医療法,医師法,地域保健法,健康増進法,1,
関係法規,33,あはき法で、免許の取消処分を受けたときに5日以内に行わなければならないのはどれか。,免許証再交付の申請,免許証の返納,名簿登録の消除申請,施術所休止の届出,2,
関係法規,33,あはき法で、施術所の構造設備の基準として誤っているのはどれか。,6.6平方メートル以上の専用の施術室を有する。,3.3平方メートル以上の待合室を有する。,施術器具や手指などの消毒設備を有する。,施術室は室面積の9分の1以上に相当する部分を外気に開放し得る。,4,
関係法規,33,あはき法で、都道府県知事は施術者に対し、衛生上害を生ずるおそれがあると認めるときは、その業務に関して必要な指示がでいる。この指示に関して都道府県知事に意見を述べることができるのはどれか。,医師の団体,厚生労働大臣,はり師、きゅう師の団体,保健所長,1,
関係法規,33,法律と定義されている事項の組合せで正しいのはどれか。,医療法　-----　要介護認定区分,地域保健法　-----　助産所,医薬品医療機器等法　-----　管理医療機器,生活保護法　-----　国民健康保険,3,
関係法規,34,あはき法で、はり師、きゅう師の免許の効力が発生するのはどれか。,学校または養成施設を卒業したとき,はり師、きゅう師国家試験に合格したとき,はり師、きゅう師名簿に登録されたとき,施術所開設の届出が受け付けられたとき,3,
関係法規,34,あはき法で、業務開始の届出が必要なのはどれか。,専ら出張のみによって業務を行う施術者,自らの施術所の開設届出を済ませている施術者,施術所で新たに雇われる施術者,自らの施術所の施術料金の改定をした施術者,1,
関係法規,34,あはき法に基づいて罰金に処せられる行為はどれか。,外科手術,薬品投与,薬品投与の指示,はり施術部位の消毒義務違反,4,
関係法規,34,特定健康診査について定めている法律はどれか。,医療法,健康増進法,地域保健法,高齢者の医療の確保に関する法律,4,
解剖学,25,膜輸送について正しいのはどれか。,食作用では細胞膜が物質を包み込んで細胞内に取り込む。,能動輸送では担体蛋白質を介して物質が細胞に取り込まれる。,促通拡散ではATP分解で生じたエネルギーを利用する。,単純拡散では濃度勾配に逆らって物質が細胞膜を通過する。,1,
解剖学,25,尺骨にあるのはどれか。,滑車切痕,肘頭窩,尺骨切痕,尺骨神経溝,1,
解剖学,25,単関節筋はどれか。,大内転筋,大腿直筋,縫工筋,薄筋,1,
解剖学,25,深背筋について正しいのはどれか。,腸肋筋は体幹の回旋を行う。,頭半棘筋は乳様突起に停止する。,板状筋は腰神経に支配される。,上後鋸筋は肋骨を引き下げる。,1,
解剖学,25,下肢の動脈と伴行する神経の組合せで正しいのはどれか。,足背動脈 ――― 深腓骨神経,腓骨動脈 ――― 脛骨神経,大腿動脈 ――― 閉鎖神経,膝窩動脈 ――― 伏在神経,1,
解剖学,25,腹膜後臓器ばどれか。,膵臓,肝臓,回腸,S状結腸,1,
解剖学,25,膀胱について正しいのはどれか。,膀胱頂に尿管が開口する。,骨盤内臓神経が分布する。,全体が腹膜で覆われる。,坐骨の後方にある。,2,
解剖学,25,男性生殖器とその位置の組合せで正しいのはどれか。,尿道球腺 ――― 骨盤隔膜,射精管 ―――― 尿道球,精巣上体 ――― 陰嚢,精管 ――――― 大腿輪,3,
解剖学,25,甲状腺について正しいのはどれか。,上甲状腺動脈は外頸動脈の枝である。,中胚葉に由来する。,下甲状腺静脈は鎖骨下静脈に流入する。,傍濾胞細胞から出るホルモンは血中カルシウム濃度を上げる。,1,
解剖学,25,感覚とその中継核の組合せで正しいのはどれか。,視覚 ――― 内側膝状体,嗅覚 ――― 孤束核,聴覚 ――― 上丘,触覚 ――― 後索核,4,
解剖学,25,頸部の神経とその支配の組合せで正しいのはどれか。,横隔神経 ―――― 前斜角筋,頸神経ワナ ――― 顎二腹筋,鎖骨上神経 ――― 筋三角の皮膚,大耳介神経 ――― 耳下腺上の皮膚,4,
解剖学,26,人体の発生について正しいのはどれか。 ,受精は子宮内で起こる。 ,透明帯は受精直後に消失する。 ,羊膜は胚盤の外胚葉と連続する。 ,母体と胎児の血液は胎盤で混ざり合う。,3,
解剖学,26,脊柱について正しいのはどれか。 ,歯突起窩は軸椎にある。 ,胸椎の連結による弯曲は前弯である。 ,仙骨角は体表から触れる。 ,岬角は尾椎の前縁にある。,3,
解剖学,26,上肢の筋と神経の関係について正しいのはどれか。 ,回外筋は正中神経によって貫かれる。 ,烏口腕筋は筋皮神経によって貫かれる。 ,円回内筋の上腕頭と尺骨頭の間を尺骨神経が通る。 ,上腕三頭筋の長頭と外側頭の間を橈骨神経が通る。,2,
解剖学,26,心臓について正しいのはどれか。 ,心臓は後縦隔に位置する。 ,心外膜は漿膜の壁側板である。 ,房室結節は心房を収縮させる。 ,大心臓静脈は冠状溝を走行する。,4,
解剖学,26,静脈について正しいのはどれか。 ,奇静脈は腋窩静脈に注ぐ。 ,内胸静脈は上大静脈に注ぐ。 ,外陰部静脈は大腿静脈に注ぐ。 ,撓側皮静脈は上腕静脈に注ぐ。,3,
解剖学,26,固有口腔に存在するのはどれか。 ,口唇 ,耳下腺,歯肉 ,舌骨,3,
解剖学,26,男性尿道の隔膜部に最も近いのはどれか。 ,精巣 ,肛門 ,尿道球腺 ,膀胱,3,
解剖学,26,脳室について正しいのはどれか。 ,室間孔は左右の側脳室をつなぐ。 ,第3脳室は左右の間脳の間にある。 ,中脳水道には脈絡叢がある。 ,第4脳室は硬膜下腔に開口する。,2,
解剖学,26,腕神経叢の後神経束から分枝するのはどれか。 ,腋窩神経 ,筋皮神経 ,長胸神経 ,内側上腕皮神経,1,
解剖学,26,脳神経と機能の組み合わせで正しいのはどれか。 ,動眼神経――――角膜の痛覚 ,下顎神経――――舌の痛覚 ,顔面神経――――顔面の触覚 ,舌咽神経――――舌の運動,2,
解剖学,26,眼球について正しいのはどれか。 ,瞳孔括約筋の収縮で散瞳する。 ,毛様体小体は硝子体に付着する。 ,杆体細胞は黄斑に集中する。 ,眼房水は水晶体を栄養する。,4,
解剖学,27,血液中の白血球で最も数が多いのはどれか。,好中球,好酸球,リンパ球,単　球,1,
解剖学,27,後頭蓋窩にあるのはどれか。,下垂体窩,棘　孔,斜　台,正円孔,3,
解剖学,27,顔面神経が支配する筋はどれか。,顎舌骨筋,胸骨舌骨筋,茎突舌骨筋,甲状舌骨筋,3,
解剖学,27,咀嚼筋について正しいのはどれか。,咬筋の起始は蝶形骨である。,側頭筋の停止は下顎骨筋突起である。,外側翼突筋は上顎神経に支配される。,内側翼突筋は下顎骨を前方に移動させる。,2,
解剖学,27,肺静脈について正しいのはどれか。,弁がある。,右肺門では 2 本みられる。,組織学的には弾性血管に分類される。,左心房に流入する前にすべてが合流する。,2,
解剖学,27,鼻腔について正しいのはどれか。,キーゼルバッハ部位は上鼻道にある。,嗅上皮は中鼻道にある。,鼻涙管は下鼻道に開口する。,鼻粘膜は重層扁平上皮からなる。,3,
解剖学,27,食道について正しいのはどれか。,第3頸椎の高さで始まる。,気管分岐部の高さで狭窄している。,気管の前を通る。,成人では長さ約 15 cm である。,2,
解剖学,27,肝臓について正しいのはどれか。,実質はグリソン鞘により肝小葉に分けられる。,肝鎌状間膜は方形葉と尾状葉の間にある。,右葉よりも左葉の方が大きい。,肝静脈は肝門を通る。,1,
解剖学,27,男性生殖器について正しいのはどれか。,セルトリ細胞は男性ホルモンを分泌する。,射精管は陰茎を貫いている。,精子は精囊に蓄えられる。,精巣上体は陰囊内にある。,4,
解剖学,27,脊髄神経とその数の組合せで正しいのはどれか。,頸神経 ――― 7対,胸神経 ――― 11 対,腰神経 ――― 5対,仙骨神経 ――― 6対,3,
解剖学,27,皮膚について正しいのはどれか。,表皮は多列円柱上皮でできている。,真皮は中胚葉に由来する。,毛幹は皮膚内部に埋まっている。,エクリン汗腺は足底にはない。,2,
解剖学,28,発生について正しいのはどれか。,精子と卵子は膣内で受精する。,着床は桑実胚の段階で起こる。,真皮は中胚葉から分化する。,胎盤では母体と胎児の血液が混ざり合う。,3,
解剖学,28,椎骨で黄色靭帯が付着するのはどれか。,椎　体,椎　弓,横突起,棘突起,2,
解剖学,28,背部の筋で正しいのはどれか。,菱形筋は肩甲骨を上内方に引く。,板状筋は脊柱起立筋の一つである。,後頭下筋群は大後頭神経に支配される。,横突棘筋で長さが最も短いのは多裂筋である。,1,
解剖学,28,内腸骨動脈の枝はどれか。,上直腸動脈,上殿動脈,内側大腿回旋動脈,卵巣動脈,2,
解剖学,28,胎児循環で酸素を最も多く含む血液が流れているのはどれか。,臍静脈,下大静脈,上行大動脈,臍動脈,1,
解剖学,28,舌の分界溝前に一列に並ぶのはどれか。,糸状乳頭,茸状乳頭,有郭乳頭,葉状乳頭,3,
解剖学,28,精巣で男性ホルモンを分泌するのはどれか。,精粗細胞,精母細胞,セルトリ細胞,ライディッヒ細胞(間細胞),4,
解剖学,28,下垂体について正しいのはどれか。,前葉の働きは視床下部の支配を受ける。,後葉は乳腺刺激ホルモンを分泌する。,神経性下垂体では下垂体門脈系が形成される。,腺性下垂体は胎生期に神経管から独立してできる。,1,
解剖学,28,成人の脊髄円錐の高さはどれか。,第11胸椎,第2腰椎,第4腰椎,仙　骨,2,
解剖学,28,脛骨神経について正しいのはどれか。,腰神経叢の枝である。,梨状筋上孔を通る。,大腿二頭筋短頭を支配する。,膝窩中央を通る。,4,
解剖学,28,内耳の前庭でみられるのはどれか。,ラセン器,蝸牛管,平衡斑,膨大部稜,3,
解剖学,29,上肢の骨格について正しいのはどれか。,肩甲骨上角は外側縁と上縁の間にある。,上腕骨小頭は上腕骨滑車の外側にある。,尺骨頭は尺骨の近位にある。,舟状骨は手根骨の遠位列にある。,2,
解剖学,29,大腿の筋で大腿神経に支配されるのはどれか。,大腿二頭筋,薄　筋,半腱様筋,縫工筋,4,
解剖学,29,頭頸部の筋について正しいのはどれか。,上眼瞼挙筋は顔面神経支配である。,外側翼突筋は下顎骨を挙上する。,前斜角筋は第2肋骨に停止する。,胸鎖乳突筋は大鎖骨上窩の前縁を形成する。,4,
解剖学,29,心臓について正しいのはどれか。,大動脈口は肺動脈口の前方にある。,後室間枝は左冠状動脈の枝である。,腱索は半月弁に付着する。,洞房結節は右心房壁にある。,4,
解剖学,29,肺門を通るのはどれか。,横隔神経,気　管,気管支動脈,胸　管,3,
解剖学,29,小腸について正しいのはどれか。,上皮は内胚葉から分化する。,半月ヒダがある。,十二指腸空腸曲は腰椎の右にある。,回腸には腸間膜がない。,1,
解剖学,29,腎臓について正しいのはどれか。,腎小体は髄質に散在する。,腎柱の先端を腎乳頭という。,集合管はネフロンを構成する。,足細胞は糸球体表面を取り囲んでいる。,4,
解剖学,29,脳の部位と存在するものとの組合せで正しいのはどれか。,大脳頭頂葉　----　運動野,間　脳　------　被　蓋,中　脳　------　内側膝状体,小　脳　------　虫　部,4,
解剖学,29,脳神経で瞳孔を縮小させるのはどれか。,視神経,動眼神経,滑車神経,外転神経,2,
解剖学,30,頸椎について正しいのはどれか。,横突孔がある。,後湾している。,第6頸椎は隆椎である。,軸椎は後頭骨との関節面をもつ。,1,
解剖学,30,横隔膜について正しいのはどれか。,呼気筋である。,頸神経に支配される。,起始部は腱中心である。,迷走神経は大動脈孔を通る。,2,
解剖学,30,上肢の筋と作用の組合せで正しいのはどれか。,大円筋　------　肩関節の外転,長掌筋　------　橈骨手根関節の伸展,浅指屈筋　-----　遠位指節間関節の屈曲,腕橈骨筋　-----　肘関節の屈曲,4,
解剖学,30,外頸動脈の枝はどれか。,眼動脈,椎骨動脈,顎動脈,下甲状腺動脈,3,
解剖学,30,静脈について正しいのはどれか。,奇静脈は腕頭動脈に注ぐ。,大伏在静脈は大腿静脈に注ぐ。,尺側皮静脈は鎖骨胸筋三角を通る。,肝静脈は肝門を通る。,2,
解剖学,30,食道について正しいのはどれか。,横隔を通る。,第3頸椎の高さで始まる。,食道下部の筋層は横紋筋である。,粘膜上皮は多列線毛上皮からなる。,1,
解剖学,30,膵臓について正しいのはどれか。,膵頭部は脾臓に接する。,腹膜で全体が覆われている。,膵管は十二指腸に開口する。,ランゲルハンス島は膵頭部に多い。,3,
解剖学,30,痛覚の伝導路に含まれるのはどれか。,下　丘,胸髄核,後索核,脊髄後角,4,
解剖学,30,皮膚について正しいのはどれか。,毛幹の下端を毛球という。,乳腺は皮膚腺の一種である。,表皮は多列円柱上皮である。,メラノサイトは真皮にある。,2,
解剖学,31,細胞分裂時に消失するのはどれか。,核　膜,染色体,中心体,ミトコンドリア,1,
解剖学,31,胸郭について正しいのはどれか。,胸骨角は第2肋骨と連結する。,頚切痕は胸骨体の上縁である。,仮肋は肋骨弓の構成に関与しない。,上大静脈は胸郭上口を通る。,1,
解剖学,31,骨盤隔膜の主体をなすのはどれか。,内閉鎖筋,肛門挙筋,深会陰横筋,外肛門括約筋,2,
解剖学,31,下腿の筋で腱が内果の後下方を通るのはどれか。,長腓骨筋,下腿三頭筋,後脛骨筋,長母指伸筋,3,
解剖学,31,上大静脈に直接注ぐのはどれか。,奇静脈,椎骨静脈,内頸静脈,肋間静脈,1,
解剖学,31,鼻腔について正しいのはどれか。,キーゼルバッハ部位は鼻中隔の前端部にある。,嗅上皮は鼻前庭にある。,上顎洞は下鼻道と交通する。,鼻涙管は中鼻道に開口する。,1,
解剖学,31,胃について正しいのはどれか。,胃底部で幽門につながる。,幽門では括約筋が発達している。,主細胞から塩酸が分泌される。,大湾に小網が付着する。,2,
解剖学,31,脳神経と神経節の組合せで正しいのはどれか。,眼神経　----　毛様体神経節,下顎神経　---　翼口蓋神経節,舌咽神経　---　耳神経節,迷走神経　---　らせん神経節,3,
解剖学,31,眼球について正しいのはどれか。,視神経乳頭では視覚の感度が高い。,錐体細胞は主に明暗の識別に働く。,眼房水はシュレム管に吸収される。,副交感神経は瞳孔散大筋を支配する。,3,
解剖学,32,脊髄の背側面に最も近いのはどれか。,黄色靭帯,棘間靭帯,棘上靭帯,後縦靭帯,1,
解剖学,32,骨盤の分界線の構成に関与するのはどれか。,岬　角,坐骨棘,坐骨結節,上前腸骨棘,1,
解剖学,32,前腕の屈筋群について正しいのはどれか。,円回内筋を橈骨神経が貫く。,橈側手根屈筋は上腕骨内側上顆から起こる。,長掌筋は手根管を通る。,尺側手根屈筋は正中神経支配である。,2,
解剖学,32,心臓について正しいのはどれか。,右冠状動脈は心臓の前面に分布する。,心尖は第4肋間の高さに位置する。,動脈弁は建索で乳頭筋とつながる。,冠状静脈洞は右心房に注ぐ。,4,
解剖学,32,口腔内の構造について正しいのはどれか。,軟口蓋は平滑筋からなる。,内舌筋は舌咽神経に支配される。,舌扁桃は口蓋垂の両側に位置する。,耳下腺管は口腔前庭の頬粘膜に開口する。,4,
解剖学,32,上行結腸にあるのはどれか。,腸間膜,腸絨毛,腹膜垂,パイエル板,3,
解剖学,32,髄膜について正しいのはどれか。,硬膜静脈洞は外頸静脈に注ぐ。,小脳テントは大脳と小脳の境に位置する。,脳実質に最も近い髄膜はクモ膜である。,中脳水道は直接クモ膜下腔へ通じる。,2,
解剖学,32,腕神経叢の後神経束から分枝するのはどれか。,肩甲上神経,肩甲背神経,胸背神経,長胸神経,3,
解剖学,32,味覚について正しいのはどれか。,糸状乳頭には味蕾がある。,舌の後3分の1の味覚は舌下神経が伝える。,舌の前3分の2の味覚は舌咽神経が伝える。,孤束核で中継される。,4,
解剖学,33,筋細胞について正しいのはどれか。,平滑筋細胞は介在板で連結する。,心筋細胞は大動脈壁に広く分布する。,心筋細胞は細胞間にギャップ結合をもつ。,筋小胞体には高濃度のナトリウムイオンが含まれる。,3,
解剖学,33,下肢の骨について正しいのはどれか。,粗線は大腿骨体の前面にある。,内側顆は脛骨の遠位端内側にある。,脛腓関節は脛骨と腓骨の遠位端にある。,小転子は大腿骨頸基部の内側下方にある。,4,
解剖学,33,頭蓋冠について正しいのはどれか。,新生児の前頭骨は左右に分かれている。,新生児の前頭骨と頭頂骨の間には小泉門がある。,成人の左右の頭頂骨の間に冠状縫合がある。,成人の前頭骨と頭頂骨の間にラムダ縫合がある。,1,
解剖学,33,卵巣について正しいのはどれか。,卵巣内で受精が行われる。,卵巣動脈は内腸骨動脈の枝である。,固有卵巣策を卵巣動静脈が走行する。,卵巣は卵巣提索によって骨盤側壁に固定される。,4,
解剖学,33,頸部の筋について正しいのはどれか。,前斜角筋は鎖骨に停止する。,広頸筋は頸神経で支配される。,前斜角筋と中斜角筋の間を腕神経叢が通る。,後頭下筋群は第1頸神経の前枝で支配される。,3,
解剖学,33,心臓について正しいのはどれか。,前縦隔に位置する。,右房室弁を僧帽弁と呼ぶ。,肺動脈弁は大動脈弁の前方にある。,洞房結節は下大静脈の開口部付近にある。,3,
解剖学,33,甲状腺について正しいのはどれか。,前面に上皮小体がある。,組織内に多数の濾胞がある。,喉頭と気管の移行部全周を囲む。,上甲状腺動脈は鎖骨下動脈の枝である。,2,
解剖学,33,交連線維はどれか。,視交叉,大脳脚,内　包,脳　梁,4,
解剖学,33,交感神経について正しいのはどれか。,瞳孔括約筋を支配する。,節前線維は白交通枝を通る。,節後線維はアドレナリンを分泌する。,節前ニューロンの細胞体は脊髄前角に位置する。,2,
解剖学,34,上肢の神経の走行について正しいのはどれか。,筋皮神経は上腕骨解剖頸に沿って走行する。,正中神経は上腕骨結節間溝を通る。,尺骨神経は上腕骨外側上顆後面を通る。,橈骨神経は上腕骨体後面を通る。,4,
解剖学,34,腹部の筋について最も適切なのはどれか。,内腹斜筋は吸気に働く。,腹直筋は腰神経で支配される。,腹横筋下端の筋束は精巣挙筋を形成する。,外腹斜筋の停止腱膜の肥厚部が鼠径靭帯である。,4,
解剖学,34,内転筋管を通過するのはどれか。,膝窩動脈,大腿動脈,大腿深動脈,閉鎖動脈,2,
解剖学,34,男性生殖器について正しいのはどれか。,ライディッヒ細胞は男性ホルモンを分泌する。,左右の精管が合流して射精管になる。,前立腺は膀胱の後面に位置する。,尿道球腺は骨盤隔膜内に位置する。,1,
解剖学,34,ランゲルハンス島について正しいのはどれか。,膵島部に多い。,濾胞を形成する。,α細胞は80％を占める。,β細胞はインスリンを分泌する。,4,
解剖学,34,視覚伝導路について正しいのはどれか。,対光反射は下丘を経由する。,視覚情報は内側膝状体で中継される。,各眼球の視野の左側半からの情報は右脳へ送られる。,各眼球の耳側半（外側半）の網膜からの線維は視交叉で交差する。,3,
解剖学,34,仙骨神経叢に由来するのはどれか。,陰部神経,閉鎖神経,腸骨鼠径神経,陰部大腿神経,1,
解剖学,34,涙腺に分布する節後線維の細胞体があるのはどれか。,耳神経節,顎下神経節,毛様体神経節,翼口蓋神経節,4,
解剖学,34,細胞間接着装置で、細胞間隙を塞いで水や分子の通過のバリアとなるのはどれか。,接着帯,タイト結合,ギャップ結合,デスモソーム,2,
生理学,25,細胞外液について正しいのはどれか。,間質液と血漿の蛋白質濃度は等しい。,細胞内液よりも浸透圧が高い。,体重の60％を占める。,最も多く含まれる陽イオンはナトリウムイオンである。,4,
生理学,25,減少すると血圧が上昇するのはどれか。,血管断面積,血中カテコールアミン,循環血液量,血液の粘性,1,
生理学,25,呼息時に起こるのはどれか。,胸腔内圧が上昇する。,横隔膜が水平になる。,肋骨が挙上する。,外肋間筋が収縮する。,1,
生理学,25,糖新生の材料になるのはどれか。,ガラクトース,マルトース,グリコーゲン,アミノ酸,4,
生理学,25,コルチゾールの働きでないのはどれか。,胃酸の分泌を促す。,免疫機能を高める。,抗ストレス作用をもつ｡,血糖値を高める。,2,
生理学,25,加齢に伴い低下するのはどれか。,血圧,血糖値,肺活量,副甲状腺ホルモン分泌,3,
生理学,25,貧血の要因でないのはどれか。,胃の全切除,栄養不足,高地への移住,脾臓の機能亢進,3,
生理学,25,反射について正しいのはどれか。,屈曲反射の求心路はIa群線維である。,腹壁反射の中枢は脊髄である。,咬筋反射の遠心路は脊髄神経である。,アキレス腱反射は多シナプス反射である。,2,
生理学,25,痛覚について正しいのはどれか。,深部痛覚はⅣ群線維が伝える。,ヒスタミンは内因性鎮痛物質である。,表在性痛覚はⅡ群線維が伝える。,侵害受容器は特定の受容器構造をもつ。,1,
生理学,25,塩分を多く摂取したときに血中濃度が高くなるのはどれか。,バソプレシン,パラソルモン,コルチコステロン,アルドステロン,1,
生理学,26,解糖について正しいのはどれか。 ,酸素を必要とする。 ,細胞質内で行われる。 ,クエン酸が生成される。 ,電子伝達系に比べATP産性能が高い。,2,
生理学,26,血管拡張作用をもつのはどれか。 ,セロトニン ,エンドセリン ,二酸化炭素 ,アンジオテンシンⅡ,3,
生理学,26,異常呼吸で、深い呼吸が規則正しく続くのはどれか。 ,起坐呼吸 ,ビオ―呼吸 ,クスマウル呼吸 ,チェーン・ストーク呼吸,3,
生理学,26,摂食を抑制するのはどれか。 ,グレリン ,オレキシン ,ロイコトリエン ,レプチン,4,
生理学,26,コレステロールについて正しいのはどれか。 ,単純脂質である。 ,細胞膜に含まれる。 ,膵臓で合成される。 ,皮下脂肪の主成分である。,2,
生理学,26,安静時の熱産生が最も多いのはどれか。 ,皮膚 ,腎臓 ,肝臓 ,内臓脂肪,3,
生理学,26,糸球体ろ過量を増加させるのはどれか。 ,糸球体血圧の上昇 ,血漿膠質浸透圧の上昇 ,ボーマン嚢内圧の上昇 ,尿管内圧の上昇,1,
生理学,26,グルカゴンにより促進されるのはどれか。 ,グルコースの細胞内への取り込み ,グリコーゲンの分解 ,蛋白質の合成 ,脂肪の合成,2,
生理学,26,単語の記憶に重要な部位を含むのはどれか。 ,視床下部 ,小脳核 ,大脳基底核 ,大脳辺縁系,4,
生理学,26,筋について正しいのはどれか。 ,平滑筋は横紋構造をもつ。 ,心筋の収縮は常に強縮である。 ,心筋細胞の興奮は絶縁性に伝導する。 ,胃の平滑筋にはギャップ結合がある。,4,
生理学,26,γ運動ニューロンについて正しいのはどれか。 ,軸索は後根を通る。 ,筋紡錘の感度を調節する。 ,錘内筋線維の中央部分に終末する。 ,α運動ニューロンに比べ細胞体は大きい。,2,
生理学,27,血液凝固因子はどれか。,ヘパリン,アルブミン,フィブリノゲン,c−グロブリン,3,
生理学,27,血圧を下げる要因はどれか。,血液量の増加,血液粘性の上昇,血管平滑筋の弛緩,血管壁弾性の低下,3,
生理学,27,安静吸息時に起こる現象はどれか。,胸郭の縮小,腹筋の収縮,胸腔内圧の上昇,外肋間筋の収縮,4,
生理学,27,基礎代謝量について正しいのはどれか。,夏は冬より高い。,加齢によって低下する。,同一年齢では女性の方が男性より高い。,日本人の成人男性では約 2600 kcal/日である。,2,
生理学,27,交感神経活動の亢進によって起こるのはどれか。,排尿筋の収縮,気管支筋の弛緩,瞳孔括約筋の収縮,内肛門括約筋の弛緩,2,
生理学,27,血糖について誤っているのはどれか。,エネルギー源となる。,グルカゴンの作用により減少する。,グリコーゲンとして貯えられる。,食欲に関係する。,2,
生理学,27,神経線維における興奮伝導の 3 原則に含まれるのはどれか。,跳躍伝導,易疲労,絶縁性伝導,一方向性伝導,3,
生理学,27,伸張反射の反射弓に含まれるのはどれか。,運動野,脊髄後角,Ⅰb群求心性線維,a運動ニューロン,4,
生理学,27,脂肪の消化に関与しないのはどれか。,胆汁分泌,乳化作用,リパーゼ分泌,アミラーゼ分泌,4,
生理学,27,排尿時に起こるのはどれか。,下腹神経活動が亢進する。,外尿道括約筋が収縮する。,膀胱壁の平滑筋が弛緩する。,陰部神経活動が低下する。,4,
生理学,27,ホルモンとその作用の組合せで正しいのはどれか。,プロラクチン　―――　乳汁産生促進,成長ホルモン　―――　血糖値低下,甲状腺ホルモン　―――　基礎代謝低下,糖質コルチコイド　―――　炎症反応亢進,1,
生理学,28,二酸化炭素運搬に関わる主要な血液成分はどれか。,アルブミン,ヘモグロビン,重炭酸イオン,水,3,
生理学,28,心周期で心室内圧が動脈圧より高い時期はどれか。,等容性収縮期,駆出期,等容性弛緩期,充満期,2,
生理学,28,呼吸運動を促進するのはどれか。,体温の低下,血中水素イオン濃度の減少,血中酸素分圧の増加,大動脈小体の興奮,4,
生理学,28,嚥下について正しいのはどれか。,嚥下中枢は脊髄にある。,口腔相では舌を使って食塊を喉頭に送る。,咽頭相では咽頭から鼻腔への出口は閉鎖される。,食道相では随意運動によって食塊が輸送される。,3,
生理学,28,蛋白質について正しいのはどれか。,細胞膜には含まれない。,β酸化により代謝される。,4種類のアミノ酸からなる。,細胞の主要な構成成分である。,4,
生理学,28,体温について正しいのはどれか。,口腔温は直腸温より高い。,体幹の皮膚温は四肢の皮膚温より低い。,摂食により体温は上昇する。,基礎代謝亢進により体温は低下する。,3,
生理学,28,腎糸球体でろ過されるのはどれか。,グルコース,アルブミン,赤血球,白血球,1,
生理学,28,遠心路が自律神経の反射はどれか。,膝蓋腱反射,腹壁反射,対光反射,へーリング・ブロイエル反射,3,
生理学,28,熟練した運動の学習に重要なのはどれか。,小　脳,視　床,一次運動野,補足運動野,1,
生理学,28,心肺部圧受容器が関わる臓器感覚はどれか。,渇　き,空　腹,尿　意,便　意,1,
生理学,28,免疫系の細胞について正しいのはどれか。,ヘルパーT細胞は異物を貪食する。,キラーT細胞はB細胞の分裂を助ける。,B細胞は形質細胞に分化する。,NK細胞はヒスタミンを分泌する。,3,
生理学,29,不要な物質を分解処理する細胞小器官はどれか。,粗面小胞体,ミトコンドリア,リソソーム,ゴルジ装置,3,
生理学,29,胃液分泌を促進するのはどれか。,食物による口腔粘膜の刺激,セクレチン分泌の増加,交感神経活動の増加,酸による十二指腸粘膜の刺激,1,
生理学,29,ビタミンについて正しいのはどれか。,ビタミンAはエネルギー源となる。,ビタミンB12の摂取不足で脚気となる。,ビタミンCはコラーゲン生成に関与する。,ビタミンKは骨の構成成分となる。,3,
生理学,29,ステロイドホルモンはどれか。,サイロキシン,アドレナリン,コルチゾール,ゴナドトロピン,3,
生理学,29,性周期について正しいのはどれか。,排卵に先立って黄体ホルモンの分泌が急激に増加する。,卵胞ホルモンの作用により子宮内膜が増加する。,子宮内膜の増殖期が終了すると月経期となる。,子宮内膜の分泌期には卵胞が成熟する。,2,
生理学,29,β受容体の刺激で起こるのはどれか。,気管支平滑筋の収縮,心拍数の増加,胃平滑筋の収縮,外肛門括約筋の弛緩,2,
生理学,29,骨格筋の収縮について誤っているのはどれか。,収縮に先立って活動電位が生じる。,アクチンフィラメントが収縮する。,カルシウムイオンが必要である。,ATPが消費される。,2,
生理学,29,聴覚について正しいのはどれか。,高い周波数の声ほど低く聞こえる。,耳小骨は音を鼓膜へ伝える。,コルチ器官で受容される。,聴覚情報は外側膝状体を経由する。,3,
生理学,29,抗体について正しいのはどれか。,IgAは粘膜表面に分泌される。,IgEはT細胞が産生する。,IgGは再感染で産生量が低下する。,IgMはアルブミンからなる。,1,
生理学,30,DNAについて誤っているのはどれか。,遺伝情報をもつ。,塩基は3種類である。,二重らせん構造である。,染色体に含まれる。,2,
生理学,30,血管について正しいのはどれか。,動脈は静脈より血管抵抗が小さい。,動脈は静脈より多くの血管を貯留する。,静脈弁は血管の逆流を防ぐ。,歩行時には静脈還流量が低下する。,3,
生理学,30,消化液と消化酵素の組合せで正しいのはどれか。,唾　液　----　アミラーゼ,胃　液　----　リパーゼ,膵　液　----　マルターゼ,腸　液　----　ペプシン,1,
生理学,30,体温について正しいのはどれか。,体温調節中枢は延髄にある。,細菌感染では産熱は抑制される。,セットポイントの下降により発熱が起こる。,核心温度の変化は温度感受性ニューロンにより感受される。,4,
生理学,30,糖質コルチコイドの作用で正しいのはどれか。,血糖値を低下させる。,血圧を低下させる。,胃液分泌を抑制する。,炎症反応を抑制する。,4,
生理学,30,加齢に伴い増加するのはどれか。,副腎皮質ホルモン分泌,肺活量,神経伝導速度,重心動揺,4,
生理学,30,脳波について正しいのはどれか。,α波は安静覚醒閉眼時に現れる。,β波はα波より周波数が低い。,σ波は運動時に多く現れる。,深睡眠時には脳波は平坦となる。,1,
生理学,30,筋収縮の過程においてエネルギーを必要とするのはどれか。,筋細胞による活動電位発生,筋細胞内でのカルシウムイオン放出,ミオシン頭部とアクチンの結合,ミオシン頭部の運動,4,
生理学,30,近くの物体を見るときに起こるのはどれか。,毛様体筋の弛緩,瞳孔散大,水晶体の厚み増大,共同偏視,3,
生理学,31,心臓の刺激伝導系について正しいのはどれか。,固有心筋からなる。,刺激は房室結節からヒス束へと伝わる。,房室結節は自動能をもたない。,プルキンエ線維の活動が心房を収縮させる。,2,
生理学,31,消化管からの吸収について正しいのはどれか。,グルコースは胃で吸収される。,モノグリセリドは小腸で吸収される。,アミノ酸は結腸で吸収される。,水分の約50％は直腸で吸収される。,2,
生理学,31,内分泌器官と分泌されるホルモンの組合せで正しいのはどれか。,甲状腺　------　サイロキシン,膵　臓　------　アドレナリン,副腎髄質　-----　エストロゲン,卵　巣　------　インスリン　,1,
生理学,31,脂質について正しいのはどれか。,コレステロールはコルチゾールの前駆物質である。,リン脂質はヘモグロビンの構成成分である。,中性脂肪は1分子のグリセロールと2分子の脂肪酸からなる。,脂肪酸の多くは水溶性物質である。,1,
生理学,31,糸球体ろ過量を増加させるのはどれか。,腎血流量の低下,血中アルブミン濃度の上昇,糸球体血圧の上昇,尿管内圧の上昇,3,
生理学,31,膝外腱反射について正しいのはどれか。,受容器は腱受容器である。,求心路はⅡ群線維である。,脊髄反射である。,多シナプス反射である。,3,
生理学,31,筋原線維に含まれ、筋収縮に重要な蛋白質はどれか。,アルブミン,ペプシン,アクチン,グロブリン,3,
生理学,31,免疫にかかわる細胞について正しいのはどれか。,単球は抗体を産生する。,好酸球はリンパ球に抗原を提示する。,好塩基球は形質細胞に分化する。,好中球は食作用をもつ。,4,
生理学,31,日内リズムについて正しいのはどれか。,副腎皮質ホルモンの血中濃度は早朝が最も高い。,メラトニンの血中濃度は正午が最も高い。,血糖値は夕食前が最も高い。,直腸温は睡眠中が最も高い。,1,
生理学,32,核酸について正しいのはどれか。,DNAにはアミノ酸が含まれる。,DNAは3種類の塩基で構成される。,RNAは蛋白質合成に必要である。,RNAは凝集して染色体を形成する。,3,
生理学,32,赤血球について正しいのはどれか。,腎臓で産生される。,多核細胞である。,蒸留水に入れると溶血を起こす。,寿命は約7日である。,3,
生理学,32,呼吸運動を促進するのはどれか。,体液の浸透圧上昇,体液の㏗低下,動脈血酸素分圧の上昇,動脈血二酸化炭素分圧の低下,2,
生理学,32,放熱を促すのはどれか。,立毛筋の収縮,甲状腺ホルモンの分泌,皮膚血管の拡張,骨格筋の収縮,3,
生理学,32,プロラクチンについて正しいのはどれか。,乳汁産生を促す。,排卵を促す。,ステロイドホルモンである。,下垂体後葉から分泌される。,1,
生理学,32,副交感神経活動に対する応答で正しいのはどれか。,発汗の促進,気管支筋の弛緩,心収縮力の増加,直腸平滑筋の収縮,4,
生理学,32,骨格筋の収縮について正しいのはどれか。,筋細胞の活動電位は筋収縮と同時に起こる。,収縮のエネルギーはADPの分解による。,筋小胞体からのカルシウムイオン放出により起こる。,日常の運動は単収縮によって行われる。,3,
生理学,32,脊髄に反射中枢が存在するのはどれか。,屈曲反射,嚥下反射,立ち直り反射,緊張性頸反射,1,
生理学,32,視床の外側膝状体で中継される感覚はどれか。,嗅　覚,視　覚,味　覚,聴　覚,2,
生理学,33,血漿について正しいのはどれか。,鮮紅色の液体である。,血漿蛋白の大部分は骨髄で合成される。,アルブミンは浸透圧の維持に働く。,フィブリノゲンは栄養状態の指標となる。,3,
生理学,33,肺循環について正しいのはどれか。,門脈によって体循環とつながる。,肺静脈は右心房に血液を運ぶ。,肺動脈は静脈血を運ぶ。,肺動脈の血圧は大動脈の血圧より高い。,3,
生理学,33,動脈血における酸素飽和度の正常値はどれか。,約67％,約77％,約87％,約97％,4,
生理学,33,大腸について正しいのはどれか。,多数の細菌が常在する。,消化管内水分の約80％が吸収される。,大蠕動は1時間に数回起こる。,蛋白質分解酵素を分泌する。,1,
生理学,33,ホメオスタシスについて正しいのはどれか。,1日の尿量は成人で約400mLである。,血液のpHは約7.4である。,細胞外液の浸透圧は3％食塩水に等しい。,細胞内液は体液の約15％を占める。,2,
生理学,33,インスリンについて正しいのはどれか。,肝臓で産生される。,グリコーゲンの分解を促進する。,血糖値が上昇すると分泌が抑制される。,細胞内へのグルコースの取り込みを促進する。,4,
生理学,33,寿命が最も長い細胞はどれか。,神経細胞,赤血球,血小板,上皮細胞,1,
生理学,33,大脳皮質の機能局在について正しいのはどれか。,運動野は側頭葉上部にある。,聴覚野は中心前回にある。,視覚野は前頭葉下部にある。,体性感覚野は中心後回にある。,4,
生理学,33,アキレス腱反射の反射弓について正しいのはどれか。,受容器は腱受容器である。,求心性線維はⅠa群線維である。,遠心性線維はγ運動ニューロンである。,効果器は錘内筋である。,2,
生理学,34,肝臓について正しいのはどれか。,クッパー細胞はビタミンAを貯蔵する。,肝細胞はアルブミンを生成する。,肝臓の熱産生は腎臓より少ない。,肝臓の血液は門脈から流出する。,2,
生理学,34,心臓の収縮期における内圧が最も低いのはどれか。,上大静脈,上行大動脈,顔面動脈,左心室,1,
生理学,34,肺活量を表す計算式はどれか。,1回換気量+予備吸気量+予備呼気量,1回換気量+予備呼気量+残気量,1回換気量+予備吸気量,1回換気量+残気量,1,
生理学,34,糖質について正しいのはどれか。,セルロースは単糖類である。,血液中のガラクトースの濃度を血糖値という。,ショ糖は炭素と窒素から構成される。,グリコーゲンは肝臓で貯蔵される。,4,
生理学,34,健康成人の尿について正しいのはどれか。,1日の尿量は約300mLである。,pHは7.4±0.05の範囲に保たれる。,血漿と同濃度のグルコースを含む。,血漿より高濃度の尿素を含む。,4,
生理学,34,バソプレシンについて正しいのはどれか。,ステロイドホルモンである。,下垂体前葉から分泌される。,腎臓の集合管における水の再吸収を促す。,血漿浸透圧が低下すると分泌が増加する。,3,
生理学,34,性周期において卵胞期に起こるのはどれか。,受精卵の着床,子宮内膜の肥厚,基礎体温の上昇,プロゲステロン分泌の増加,2,
生理学,34,成人のレム睡眠について正しいのはどれか。,眼球が急速に動く。,脳波に棘波が出現する。,睡眠全体の約60％を占める。,全身の骨格筋の緊張が亢進する。,1,
生理学,34,α運動ニューロンについて正しいのはどれか。,細胞体は大脳皮質運動野に位置する。,錘内筋線維を支配する。,運動単位を構成する。,筋紡錘の感度を調節する。,3,
病理学概論,25,疾患の分類と疾患名の組合せで正しいのはどれか。,急性疾患 ―――― 肺結核,遺伝性疾患 ――― 先天性梅毒,小児疾患 ―――― ポリオ,局所性疾患 ――― 敗血症,3,
病理学概論,25,病原体が最も大きいのはどれか。,梅毒,エボラ出血熱,アニサキス症,クリプトコッカス症,3,
病理学概論,25,異物を処理する機転はどれか。,化生,膿瘍,器質化,変性,3,
病理学概論,25,出血性梗塞を最も起こしやすいのはどれか。,脾臓,腎臓,小腸,心臓,3,
病理学概論,25,分葉状の核をもつ細胞はどれか。,肥満細胞,好中球,リンパ球,形質細胞,2,
病理学概論,25,GVH反応が最も起きやすい移植臓器はどれか。,骨髄,肝臓,腎臓,角膜,1,
病理学概論,25,上皮性腫瘍はどれか。,膠芽腫,線維腫,白血病,乳頭腫,4,
病理学概論,26,潜伏期間が最も長いのはどれか。 ,風疹 ,エイズ ,A型肝炎 ,インフルエンザ,2,
病理学概論,26,放射線障害を最も受けやすいのはどれか。 ,神経 ,腎臓 ,性腺 ,軟骨,3,
病理学概論,26,植物状態を引き起こす障害部位はどれか。 ,大脳 ,中脳 ,延髄 ,脊髄,1,
病理学概論,26,奇異塞栓がみられるのはどれか。 ,心室性期外収縮 ,心房中隔欠損症 ,大動脈弁狭窄症 ,感染性心内膜炎,2,
病理学概論,26,急性炎症の局所で最初に起こるのはどれか。 ,滲出 ,充血 ,線維化 ,白血球遊走,2,
病理学概論,26,ヒト免疫不全ウイルスが主に感染する免疫担当細胞はどれか。 ,B細胞 ,ヘルパーT細胞 ,細胞傷害性T細胞 ,NK細胞,2,
病理学概論,26,生命予後が良好なのはどれか。 ,線維腫 ,中皮腫 ,膠芽腫 ,白血病,1,
病理学概論,27,生存している患者から病変部の組織を採取するのはどれか。,生検診断,細胞診断,剖検診断,機能診断,1,
病理学概論,27,Ⅲ型アレルギーによる疾患はどれか。,気管支喘息,花粉症,急性糸球体腎炎,甲状腺機能亢進症,3,
病理学概論,27,再生能力が最も低いのはどれか。,肝細胞,心筋細胞,神経膠細胞,血管内皮細胞,2,
病理学概論,27,肉芽組織の構成要素はどれか。,線維芽細胞,平滑筋細胞,横紋筋細胞,上皮細胞,1,
病理学概論,27,肝硬変患者の脾臓に最も生じやすいのはどれか。,出　血,うっ血,水　腫,梗　塞,2,
病理学概論,27,免疫不全症で HIV によるのはどれか。,無γグロブリン血症,重症複合性免疫不全症,後天性免疫不全症候群,ディジョージ症候群,3,
病理学概論,27,扁平上皮癌が最も発生しやすいのはどれか。,舌,胃,胆　囊,膵　臓,1,
病理学概論,28,感染症はどれか。,白内障,心筋梗塞,ラムゼイ　ハント症候群,痛　風,3,
病理学概論,28,慢性肺うっ血の原因はどれか。,左心不全,肝硬変,消化管出血,広範な熱傷,1,
病理学概論,28,創傷の治療過程で最も遅い時期にみられるのはどれか。,水　腫,好中球浸潤,毛細血管の増生,膠原線維の増生,4,
病理学概論,28,化膿性炎症の起炎菌として最も適切なのはどれか。,結核菌,ブドウ球菌,ジフテリア菌,コレラ菌,2,
病理学概論,28,抗体を産生する細胞はどれか。,形質細胞,樹状細胞,T細胞,マクロファージ,1,
病理学概論,28,自己免疫疾患と自己抗体の組合せで正しいのはどれか。,全身性エリテマトーデス　-----　抗核抗体,橋本病　-----　抗基底膜抗体,糸球体腎炎　-----　抗マイクロゾーム抗体,関節リウマチ　-----　抗ミトコンドリア抗体,1,
病理学概論,28,腺癌の発生頻度が最も高いのはどれか。,皮　膚,舌,子宮頸部,膵　臓,4,
病理学概論,29,疾病特有の症状を現し、次第に増悪する時期はどれか。,潜伏期,前駆期,侵襲期,極　期,3,
病理学概論,29,常染色体劣性（潜性）遺伝病で、両親ともに健常な保因者の場合、患児が出生する確率はどれか。,1/2,1/4,1/8,1/16,2,
病理学概論,29,出血性梗塞を最も起こしやすい臓器はどれか。,腎　臓,小　腸,心　臓,脾　臓,2,
病理学概論,29,塞栓の原因で最も頻度の高いのはどれか。,血　栓,骨　髄,脂　肪,腫　瘍,1,
病理学概論,29,日和見感染症はどれか。,強毒菌感染症,常在菌感染症,新興感染症,伝染性感染症,2,
病理学概論,29,男性に比べて女性に高頻度に発生するのはどれか。,膵　癌,食道癌,大腸癌,甲状腺癌,4,
病理学概論,29,易感染性をきたさないのはどれか。,高　齢,糖尿病,肺結核症,重度の熱傷,3,
病理学概論,30,遺伝性疾患はどれか。,ダウン症候群,ターナー症候群,マルファン症候群,クラインフェルター症候群,3,
病理学概論,30,DNAウイルスはどれか。,ノロウイルス,麻疹ウイルス,コロナウイルス,水痘・帯状庖疹ウイルス,4,
病理学概論,30,左冠状動脈閉塞による急性心筋梗塞で死亡した。肺にみられる変化として適切でないのはどれか。,出血,閉塞,水腫,うっ血,2,
病理学概論,30,フィブリノゲンの滲出が特徴的なのはどれか。,壊疽性炎,化膿性炎,漿液性炎,線維素性炎,4,
病理学概論,30,抗原提示細胞はどれか。,NK細胞,好酸球,Tリンパ球,マクロファージ,4,
病理学概論,30,癌と前癌病変の組合せで正しいのはどれか。,乳癌　------　乳腺症,口腔癌　------　白板症,子宮体癌　------　子宮筋腫,前立腺癌　------　前立腺肥大,2,
病理学概論,31,パーキンソン病の病因に関与するのはどれか。,コルチゾール,セロトニン,インスリン,ドパミン,4,
病理学概論,31,梗塞について正しいのはどれか。,組織間隙に過剰な水分が貯留した状態,動脈から過剰な血液が流れ込んだ状態,血管内で血液が凝固した状態,終末動脈が閉塞し、その支配組織に壊死が生じた状態,4,
病理学概論,31,血栓症を生じやすい疾患はどれか。,肝硬変,糖尿病,再生不良性貧血,ビタミンC欠乏症,2,
病理学概論,31,肉芽種性炎はどれか。,アレルギー性鼻炎,壊　疽,肝膿瘍,サルコイドーシス,4,
病理学概論,31,初感染における免疫応答で最初に血中で上昇するのはどれか。,IgA,IgE,IgG,IgM,4,
病理学概論,31,2019年の我が国におけるがん死亡統計で男性死亡数が最も多いのはどれか。,肺がん,肝臓がん,膵臓がん,大腸がん,1,
病理学概論,32,細胞老化で誤っているのはどれか。,DNA修復機能の低下,分裂能力の亢進,蛋白質合成の低下,異常蛋白質の蓄積,2,
病理学概論,32,女性に多い疾患はどれか。,痛　風,橋本病,COPD,十二指腸潰瘍,2,
病理学概論,32,疾患と沈着物の組合せで正しいのはどれか。,痛　風 ------- シュウ酸,黄疸 ------- ヘモジデリン,関節リウマチ ------- アミロイド,粥状動脈硬化症 ------- グリコーゲン,3,
病理学概論,32,線維素性炎はどれか。,劇症肝炎,ハンセン病,急性虫垂炎,大葉性肺炎,4,
病理学概論,32,Th1細胞が最も関与するアレルギーはどれか。,Ⅰ型,Ⅱ型,Ⅲ型,Ⅳ型,4,
病理学概論,32,腫瘍と発がんに関連する微生物の組合せで誤っているのはどれか。,子宮頸癌 ------- HPV,肝細胞癌 ------- サイトメガロウイルス,バーキットリンパ腫 ------- EBウイルス,胃癌 ------- ヘリコバクター・ピロリ,2,
病理学概論,33,疾病の経過において不定愁訴が現れる時期はどれか。,潜伏期,前駆期,侵襲期,極　期,2,
病理学概論,33,疾病・症候と代謝異常の組合せで最も適切なのはどれか。,黄　疸　----　糖代謝異常,痛　風　----　生体色素異常,黄色腫　----　脂質代謝異常,ヘモジデローシス　----　核酸代謝異常,3,
病理学概論,33,播種性血管内凝固症候群（DIC）について誤っているのはどれか。,血小板数は増加する。,出血症状がみられる。,敗血症は原因疾患になる。,細小血管に血栓が生じる。,1,
病理学概論,33,浮腫の原因となるのはどれか。,血漿膠質浸透圧の上昇,リンパ還流量の低下,毛細血管内圧の低下,毛細血管透性の低下,2,
病理学概論,33,HIV感染によって最も障害を受ける細胞はどれか。,B細胞,NK細胞,CD4陽性T細胞,細胞障害性T細胞,3,
病理学概論,34,全身性疾患はどれか。,白内障,橋本病,グッドパスチャー症候群,アミロイドーシス,4,
病理学概論,34,梗塞の際に融解壊死が最も生じやすい臓器はどれか。,脳,心　臓,肝　臓,腎　臓,1,
病理学概論,34,浮腫（水腫）の原因疾患と発生機序の組合せで正しいのはどれか。,うっ血性心不全 ------- 血管透過性の亢進,じんま疹 ------- 血漿膠質浸透圧の低下,ネフローゼ症候群 ------- 毛細血管内圧の上昇,腫　瘍 ------- リンパ還流障害,4,
病理学概論,34,下肢の深部静脈血栓が剥離して血流で運ばれた場合、塞栓症を最も生じやすい臓器はどれか。,脳,肺,腎　臓,脾　臓,2,
病理学概論,34,ラングハンス巨細胞の由来はどれか。,好中球,樹状細胞,リンパ球,マクロファージ,4,
病理学概論,34,大腸癌のTNM分類を行う上で必要な情報はどれか。,組織型,遠隔転移の有無,静脈侵襲の有無,腫瘍の存在する大腸の部位,2,
臨床医学総論,25,アキレス腱断裂の診察法はどれか。,ラックマンテスト,トーマステスト,ドレーマン徴候,トンプソン徴候,4,
臨床医学総論,25,肢の周径の計測で誤っているのはどれか。,大腿周径は大腿部最大径で測る。,前腕周径は前腕部最大径で測る。,下腿周径は下腿部最大径で測る。,上腕周径は上腕二頭筋部最大径で測る。,1,
臨床医学総論,25,下肢の徒手検査法はどれか。,アプレイテスト,アイヒホッフテスト,ライトテスト,トムゼンテスト,1,
臨床医学総論,25,腸閉塞に特徴的な聴診所見はどれか。,捻髪音,水泡音,金属音,グル音,3,
臨床医学総論,25,多毛症がみられるのはどれか。,甲状腺機能低下症,クッシング症候群,ターナー症候群,クラインフェルター症候群,2,
臨床医学総論,25,脈拍について正しいのはどれか。,出血性ショックでは徐脈を呈する。,甲状腺機能低下症では頻脈を呈する。,うっ血性心不全では頻脈を呈する。,鉄欠乏性貧血では徐脈を呈する。,3,
臨床医学総論,25,深部反射はどれか。,角膜反射,腹壁反射,足底反射,下顎反射,4,
臨床医学総論,25,吐血の原因となる疾患はどれか。,過敏性腸症候群,急性膵炎,大腸憩室炎,マロリー・ワイス症候群,4,
臨床医学総論,25,肝硬変の所見でないのはどれか。,眼球突出,女性化乳房,手掌紅斑,クモ状血管腫,1,
臨床医学総論,25,口渇をきたすのはどれか。,糖尿病,高尿酸血症,高血圧症,脂質異常症,1,
臨床医学総論,26,脊髄分節と体表知覚の組み合わせで正しいのはどれか。 ,第4頚神経―――――後頭部 ,第4胸神経―――――肩甲骨下角 ,第4腰神経―――――下腿外側 ,第4仙骨神経――――肛門周囲,4,
臨床医学総論,26,膝関節の徒手検査法と疾患の組み合わせで正しいのはどれか。 ,マクマレーテスト――――――膝半月板損傷 ,Nテスト――――――――――膝後十字靭帯損傷 ,グラインディングテスト―――膝蓋靭帯炎 ,後方引き出しテスト―――――膝前十字靭帯損傷,1,
臨床医学総論,26,放射線被爆を伴う検査はどれか。 ,筋電図検査 ,PET検査 ,MRI検査 ,サーモグラフィ,2,
臨床医学総論,26,腎機能の検査はどれか。 ,クレアチニン ,クレアチンキナーゼ ,アルカリホスファターゼ ,γ―グルタミントランスペプチターゼ,1,
臨床医学総論,26,チアノーゼについて正しいのはどれか。 ,皮膚が白くなる。 ,末梢循環不全で生じる。 ,貧血で現れやすい。 ,じんま疹のとき生じる。,2,
臨床医学総論,26,髄膜刺激症状はどれか。 ,ケルニッヒ徴候 ,ロンベルグ徴候 ,ブルンベルグ徴候 ,ガワーズ徴候,1,
臨床医学総論,26,低身長となる疾患はどれか。 ,マルファン症候群 ,シーハン症候群 ,下垂体前葉機能不全症 ,バセドウ病,3,
臨床医学総論,26,視診所見と疾患の組み合わせで正しいのはどれか。 ,へバーデン結節――――関節リウマチ ,眼瞼下垂―――――――甲状腺機能亢進症 ,メズサの頭――――――肝硬変 ,ばち指――――――――糖尿病,3,
臨床医学総論,26,浮腫をきたすのはどれか。 ,副甲状腺機能低下症 ,高コレステロール血症 ,非アルコール性脂肪肝 ,うっ血性心不全,4,
臨床医学総論,27,球麻痺でみられるのはどれか。,舌萎縮,嗅覚障害,聴力低下,眼球運動障害,1,
臨床医学総論,27,バレー徴候で患側上肢にみられる陽性所見はどれか。,外旋する。,下降する。,振戦が出現する。,しびれを自覚する。,2,
臨床医学総論,27,月経異常はどれか。,持続期間 5 日,周期の変動 2 日,初経 12 歳,閉経 38 歳,4,
臨床医学総論,27,異常歩行と疾患の組合せで正しいのはどれか。,突進歩行　―――　変形性膝関節症,あひる歩行　―――　進行性筋ジストロフィー,はさみ脚歩行　―――　パーキンソン病,硬性墜落性跛行　―――　脳性麻痺,2,
臨床医学総論,27,疾患と視診所見の組合せで誤っているのはどれか。,帯状疱疹 　　　　　　 胸背部の発赤・水疱,肝硬変　―――　眼球結膜の黄染,パーキンソン病　―――　水牛様肩,バセドウ病　―――　眼球突出,3,
臨床医学総論,27,咳・痰について正しいのはどれか。,痰を伴う咳を乾性咳嗽という。,気管支喘息の発作時は咳・痰は通常ない。,血痰が出ても少量なら肺癌は考えない。,誤嚥時の咳・痰は防御反応の一つである。,4,
臨床医学総論,27,血液疾患に伴う病態について正しいのはどれか。,貧血は血小板を指標にする。,出血傾向は先天的には起こらない。,白血球数が正常であれば易感染性はない。,繰り返す歯肉出血は出血傾向を疑う。,4,
臨床医学総論,27,膝関節障害の徒手検査法はどれか。,ケンプテスト,ジャクソンテスト,パトリックテスト,アプレイテスト,4,
臨床医学総論,27,ターミナルケアについて誤っているのはどれか。,苦痛の緩和が主体である。,病気の根治治療が目標である。,多職種間での協力が重要である。,QOL の向上を目指す。,2,
臨床医学総論,27,感音性難聴がみられるのはどれか。,急性中耳炎,メニエール病,耳管狭窄症,耳垢塞栓,2,
臨床医学総論,28,脳血管障害により片側顔面と反対側半身の温痛覚障害をきたす部位はどれか。,大　脳,小　脳,橋,延　髄,4,
臨床医学総論,28,改訂長谷川式簡易知能評価スケールの質問で、アルツハイマー病では病初期から答えられないのはどれか。,お歳はいくつですか。,100から7を順番に引いてください。,これから言う3つの言葉を言ってみてください。,先ほど覚えてもらった言葉をもう一度、言ってみてください。,4,
臨床医学総論,28,排尿障害の検査で初めに行うのはどれか。,神経伝導検査,膀胱内視鏡検査,腹部超音波検査,腹部エックス線検査,3,
臨床医学総論,28,右股関節に屈曲拘縮がある患者の歩行時の特徴で正しいのはどれか。,左の歩幅の減少,右立脚相後期の腰椎前弯減少,はさみ脚歩行,左トレンデレンブルグ徴候,1,
臨床医学総論,28,疾患と視診所見の組合せで誤っているのはどれか。,アジソン病　-----　恥毛脱落,バセドウ病　-----　眉弓部突出,クッシング病　-----　水牛様脂質沈着,甲状腺機能低下症　-----　眉毛外側1/3脱落,2,
臨床医学総論,28,咳嗽について正しいのはどれか。,誤嚥では生じない。,生体防御反応の一つである。,心不全では生じない。,長期間持続するときは鎮咳薬で経過をみる。,2,
臨床医学総論,28,頸椎を後側屈して頭部を圧迫する理学検査はどれか。,アドソンテスト,スパーリングテスト,ペインフルアークサイン,ヤーガソンテスト,2,
臨床医学総論,28,脈拍について正しいのはどれか。,貧血では頻脈を呈する。,頭蓋内圧亢進時は頻脈を呈する。,甲状腺機能亢進症では除脈を呈する。,うっ血性心不全では除脈を呈する。,1,
臨床医学総論,28,腹部触診について正しいのはどれか。,聴診より先に行う。,最初は柔らかく触れる。,疼痛部位を最初に触れる。,体位変換は必要ない。,2,
臨床医学総論,28,ショックの分類と原因の組合せで正しいのはどれか。,血液量減少性ショック　-----　熱　傷,心原性ショック　----　緊張性気胸,血液分布異常性ショック　-----　心筋梗塞,閉塞性ショック　-----　消化管出血,1,
臨床医学総論,29,易感染性をきたさないのはどれか。,高　齢,糖尿病,肺結核症,重度の熱傷,3,
臨床医学総論,29,"次の文で示す意識障害はどれか。
「大声で呼びかけると目が覚めるが、またすぐに眠ってしまう。」",昏　睡,半昏睡,昏　迷,傾　眠,4,
臨床医学総論,29,上肢の病的反射はどれか。,バビンスキー反射,チャドック反射,トレムナー反射,ゴードン反射,3,
臨床医学総論,29,呼吸機能検査で閉塞性換気障害を示すのはどれか。,気管支喘息,胸水貯留,間質性肺炎,肺動脈血栓塞栓症,1,
臨床医学総論,29,疾患と腫瘍マーカーの組合せで最も適切なのはどれか。,肝臓癌　-----　CA125,胃　癌　-----　AFP,前立腺癌　----　PSA,卵巣癌　-----　SCC抗原,3,
臨床医学総論,29,季節性インフルエンザウィルス感染症の特徴で正しいのはどれか。,膿性痰を認める。,潜伏期間は1週間前後である。,感染経路は飛沫感染である。,ワクチンで感染を防ぐことができる。,3,
臨床医学総論,29,中殿筋機能不全を確認する徒手検査法はどれか。,トレンデレンブルグテスト,パトリックテスト,ブラガードテスト,マクマレーテスト,1,
臨床医学総論,29,血圧について正しいのはどれか。,心臓の拡張期に最高となる。,脈圧は収縮期血圧と拡張期血圧の差である。,触診法では拡張期血圧が測定できる。,圧迫帯は肘関節に巻く。,2,
臨床医学総論,29,反復する回転性めまいをきたしやすい疾患はどれか。,貧血,髄膜炎,メニエール病のめまいは小脳性である。,脳幹梗塞,3,
臨床医学総論,29,黄疸をきたす疾患はどれか。,糖尿病,慢性心不全,脂質異常症,溶血性貧血,4,
臨床医学総論,30,脳性麻痺で、はさみ脚歩行を呈するのはどれか。,痙直型,失調型,非緊張型,アテトーゼ型,1,
臨床医学総論,30,対光反射の遠心路はどれか。,動眼神経,三叉神経,外転神経,顔面神経,1,
臨床医学総論,30,鷲手をきたす罹患神経はどれか。,筋皮神経,正中神経,橈骨神経,尺骨神経,4,
臨床医学総論,30,血中脂質で基準値を下回ると動脈硬化のリスクが高くなるのはどれか。,中性脂肪,総コレステロール,LDLコレステロール,HDLコレステロール,4,
臨床医学総論,30,リンパ節腫脹の原因で誤っているのはどれか。,感染症,白血病,鼠径ヘルニア,悪性腫瘍の転移,3,
臨床医学総論,30,呼吸器症状について正しいのはどれか。,気胸は胸痛の原因となる。,喘息による咳は昼間に多い。,痰を伴わない咳を湿性咳嗽という。,動脈血酸素飽和度が正常であれば呼吸困難は呈さない。,1,
臨床医学総論,30,一次救命処置で正しいのはどれか。,救急薬品を使用する。,胸骨圧迫を行う。,人工呼吸器をつける。,静脈ルートを確保する。,2,
臨床医学総論,30,意識障害で最も重いのはどれか。,昏　迷,傾　眠,昏　睡,嗜　眠,3,
臨床医学総論,30,やせをきたしやすい疾患はどれか。,早期胃癌,脂質異常症,甲状腺機能低下症,神経性食欲不振症,4,
臨床医学総論,30,めまいをきたす疾患はどれか。,メニエール病,パーキンソン病,クッシング病,ウィルソン病,1,
臨床医学総論,31,排尿障害のうち畜尿障害はどれか。,尿勢低下,尿線途絶,尿失禁,残尿感,3,
臨床医学総論,31,心電図検査でST低下の際に疑われるのはどれか。,狭心症,心房細動,心室粗動,洞不全症候群,1,
臨床医学総論,31,デルマトームにおいて母指の分節はどれか。,C2,C4,C6,C8,3,
臨床医学総論,31,涙腺と唾液腺を支配しているのはどれか。,三叉神経,顔面神経,舌咽神経,舌下神経,2,
臨床医学総論,31,医療面接について正しいのはどれか。,患者が話したことは繰り返さない。,別居している家族の健康状態も聞く。,問診は特定の疾患を推定しては始める。,医学用語を用いて説明する。,2,
臨床医学総論,31,ショックの分類で、患者の皮膚が温かい場合に考えられるのはどれか。,心原性,閉塞性,血液量減少性,血液分布異常性,4,
臨床医学総論,31,熱型と感染症の組合せで正しいのはどれか。,稽留熱　-----　マラリア,弛張熱　-----　敗血症,周期熱　-----　ホジキンリンパ腫,波状熱　-----　髄膜炎,2,
臨床医学総論,31,中枢性めまいの特徴について正しいのはどれか。,持続時間が長い。,めまいの程度が強い。,回転性のことが多い。,耳鳴りを伴うことが多い。,1,
臨床医学総論,31,膝関節の前十字靱帯損傷を確認する徒手検査法はどれか。,アプレイテスト,内反ストレステスト,マクマレーテスト,ラックマンテスト,4,
臨床医学総論,31,心身症に含まれる疾患はどれか。,うつ病,統合失調症,パニック障害,過敏性腸症候群,4,
臨床医学総論,32,成人に対する一次救命処置において、1分間あたりの胸骨圧迫の回数で適切なのはどれか。,40～60回,70～90回,100～120回,130～150回,3,
臨床医学総論,32,2型糖尿病患者の食事療法において、1日あたりの適正エネルギー摂取量の算出に必要なのはどれか。,体温,腹囲,目標体重,体表面積,3,
臨床医学総論,32,大動脈弁の音がよく聴取されるのはどれか。,第2肋間胸骨右縁,第2肋間胸骨左縁,第3肋間胸骨左縁,第4肋間胸骨左縁,1,
臨床医学総論,32,呼吸音が減弱するのはどれか。,無気肺,気管支炎,肺線維症,気管支肺炎,1,
臨床医学総論,32,放射線被曝を伴わない検査はどれか。,PET検査,CT検査,MRI検査,シンチグラフィ検査,3,
臨床医学総論,32,縦隔腫瘍でみられるのはどれか。,眼振,ベル現象,眼球突出,ホルネル症候群,4,
臨床医学総論,32,意識障害で、周囲に対する認識の減退や不安・興奮状態がみられるのはどれか。,傾眠,昏迷,せん妄,無欲状態,3,
臨床医学総論,32,成人で1日の尿量が100ml以下の状態を示すのはどれか。,尿閉,稀尿,乏尿,無尿,4,
臨床医学総論,32,股関節の屈曲拘縮を確認する徒手検査法はどれか。,トーマステスト,ボンネットテスト,パトリックテスト,マクマレーテスト,1,
臨床医学総論,32,疾患と症状との組合せで正しいのはどれか。,溶血性貧血　---　ばち指,鉄欠乏性貧血　---　スプーン状爪,巨赤芽球性貧血　---　黄疸,再生不良性貧血　---　ハンター舌炎,2,
臨床医学総論,33,HPV感染について最も適切なのはどれか。,子宮内膜癌との関連が深い。,ワクチンは癌の発生を予防できない。,男性には感染しない。,多くの場合、感染しても排除される。,4,
臨床医学総論,33,睡眠障害について正しいのはどれか。,入眠障害とは途中で何度も目が覚めることである。,過眠症では夜間の睡眠時間が長くなる。,肥満は睡眠時無呼吸症候群の原因となる。,むずむず脚症候群（レストレスレッグス症候群）は早朝覚醒が特徴である。,3,
臨床医学総論,33,構成失行について正しいのはどれか。,言語の復唱ができない。,上着の袖に腕を通せない。,触れた物の形がわからない。,積み木で形を模範することができない。,4,
臨床医学総論,33,身体計測について正しいのはどれか。,上腕周径は肘関節屈曲位で測る。,前腕周径は最大膨隆部で測る。,大腿周径は膝関節屈曲位で測る。,下腿周径は腓骨頭の高さで測る。,2,
臨床医学総論,33,脈拍について正しいのはどれか。,貧血では徐脈になる。,脳圧亢進では徐脈になる。,パーキンソン病では頻脈になる。,甲状腺機能低下症では頻脈になる。,2,
臨床医学総論,33,易感染性をきたす疾患として最も適切なのはどれか。,鉄欠乏性貧血,特発性血小板減少性紫斑病,急性骨髄性白血病,巨赤芽球性貧血,3,
臨床医学総論,33,便秘の原因で最も適切なのはどれか。,オピオイド内服,胃切除,ノロウイルス感染,乳糖不耐症,1,
臨床医学総論,33,チアノーゼの原因とならないのはどれか。,貧　血,左心不全,ファロー四徴症,COPD,1,
臨床医学総論,33,声音振盪が増強するのはどれか。,気　胸,肺　炎,肺気腫,胸水貯留,2,
臨床医学総論,33,脳神経で、障害されると僧帽筋の筋力低下を示すのはどれか。,三叉神経,顔面神経,迷走神経,副神経,4,
臨床医学総論,33,ターミナルケアについて最も適切なのはどれか。,原疾患の根治を目標とする。,苦痛緩和を最大限検討する。,生活の質より延命を優先する。,治療方針の決定は医師と患者の家族で行う。,2,
臨床医学総論,34,月経異常について正しいのはどれか。,授乳は原発性無月経の原因となる。,運動過多は過多月経の原因となる。,続発性無月経では鉄欠乏性貧血が起こる。,月経前症候群(PMS)の症状は月経が始まると消失する。,4,
臨床医学総論,34,規則的な不随意運動はどれか。,振　戦,ジストニア,アテトーゼ,バリズム,1,
臨床医学総論,34,呼吸器疾患と症状の組合せで最も適切なのはどれか。,間質性肺炎　-----　乾性咳嗽,細菌性肺炎　-----　白色痰,気管支喘息　-----　昼間の咳,COPD　-----　発作性呼吸困難,1,
臨床医学総論,34,消化管出血について正しいのはどれか。,上部消化管出血では下血を認めない。,胃からの出血ではコーヒー残渣様吐血をみる。,吐血を伴う腹痛には非ステロイド性鎮痛解熱薬を投与する。,免疫学的便潜血検査は獣肉の生食で陽性となる。,2,
臨床医学総論,34,尿所見と病態の組合せで正しいのはどれか。,多　尿　-----　前立腺肥大,低比重　-----　脱　水,糖陽性　-----　甲状腺機能低下,ケトン体陽性　-----　飢　餓,4,
臨床医学総論,34,血小板が増加するのはどれか。,出　血,紫斑病,急性白血病,再生不良性貧血,1,
臨床医学総論,34,登はん性起立がみられるのはどれか。,デュシェンヌ型筋ジストロフィー,重症筋無力症,中心性脊髄損傷,脳性麻痺,1,
臨床医学総論,34,原因療法として正しいのはどれか。,脚気に対するビタミンB1投与,百日咳に対する鎮咳薬投与,市中肺炎に対する解熱薬投与,橈骨遠位端骨折に対する鎮痛薬投与,1,
臨床医学総論,34,疾患と粘膜皮膚病変の組合せで正しいのはどれか。,全身性エリテマトーデス　-----　ヘリオトロープ疹,肝硬変　-----　蝶形紅斑,麻　疹　-----　コプリック斑,皮膚筋炎　-----　バラ疹,3,
臨床医学総論,34,心音の増強がみられるのはどれか。,僧帽弁狭窄症,COPD,心嚢液貯留,肥　満,1,
臨床医学各論,25,脛骨跳躍型疲労骨折の好発部位で正しいのはどれか。,脛骨下1/3,脛骨中1/3,脛骨上1/3,脛骨骨端部,2,
臨床医学各論,25,ピロリン酸カルシウムが原因であるのはどれか。,関節リウマチ,偽痛風,肩関節周囲炎,変形性股関節症,2,
臨床医学各論,25,脊柱管狭窄を生じるのはどれか。,前縦靭帯骨化,横突起肥大,黄色靭帯肥厚,棘上靭帯骨化,3,
臨床医学各論,25,生後3か月の発育性股関節形成不全の患児でみられるのはどれか。,フローマン徴候,ドレーマン徴候,アリス徴候,トレンデレンブルグ徴候,3,
臨床医学各論,25,骨粗鬆症患者に好発する骨折はどれか。,脛骨遠位部骨折,橈骨近位部骨折,鎖骨骨幹部骨折,大腿骨近位部骨折,4,
臨床医学各論,25,乳癌について正しいのはどれか。,乳房の外上部の発生が多い。,多くはホルモン依存性ではない。,自己検診は推奨されていない。,腫瘤は痛みを伴う。,1,
臨床医学各論,25,肺癌患者にみられる所見と浸潤部位の組合せで正しいのはどれか。,縮瞳 ――――― 反回神経,嗄声 ――――― 交感神経,顔面浮腫 ――― 上大静脈,腰痛 ――――― 横隔神経,3,
臨床医学各論,25,歯周病の増悪因子でないのはどれか。,糖尿病,喫煙,妊娠,舌炎,4,
臨床医学各論,25,汎血球減少症をきたすのはどれか。,溶血性貧血,腎性貧血,鉄欠乏性貧血,再生不良性貧血,4,
臨床医学各論,25,成人の気管支喘息について正しいのはどれか。,症状は昼間に起こりやすい。,患者数は減少傾向にある。,治癒率は50%である。,治療は吸入ステロイド薬が中心である。,4,
臨床医学各論,25,肺抗酸菌症について正しいのはどれか。,結核患者は届け出る必要はない。,非結核性抗酸菌症も結核と同様に隔離する必要がある。,抗結核薬は1剤を投与する。,咳が4週間以上持続している場合は肺結核を考慮する。,4,
臨床医学各論,25,心不全について正しいのはどれか。,左心不全では臥位で症状が軽快する。,心拍出量が低下する。,血中ヒト脳性ナトリウム利尿ペプチド（BNP）値が低下する。,左心不全では下肢の浮腫は顕著である。,2,
臨床医学各論,25,2型糖尿病について正しいのはどれか。,インスリン療法が必須である。,肥満者に多い。,1型糖尿病より罹患者数が少ない。,若年者に多い。,2,
臨床医学各論,25,ビタミンＢ12欠乏による疾患はどれか。,脂漏性皮層炎,巨赤芽球性貧血,骨軟化症,ウェルニッケ脳症,2,
臨床医学各論,25,痔瘻を合併しやすいのはどれか。,急性細菌性腸炎,潰瘍性大腸炎,クローン病,過敏性腸症候群,3,
臨床医学各論,25,全身性エリテマトーデスについて誤っているのはどれか。,蝶形紅斑を認める。,女性に多い。,抗核抗体が陽性である。,白血球が増加する。,4,
臨床医学各論,25,内分泌疾患と検査値の組合せで正しいのはどれか。,アジソン病 ――――――――― 血中ACTH低値,褐色細胞腫 ――――――――― 血中カテコールアミン低値,原発性アルドステロン症 ――― 血漿レニン活性低値,原発性甲状腺機能低下症 ――― 血中TSH低値,3,
臨床医学各論,25,慢性腎不全の検査所見で誤っているのはどれか。,高カリウム血症,血清クレアチニン値の上昇,糸球体ろ過値（GFR）の上昇,正球性正色素性貧血,3,
臨床医学各論,25,"｢7歳の女児。主訴は歩行異常。トレンデレンブルグ徴候がみられた。」
罹患関節の種類はどれか。",鞍関節,楕円関節,ラセン関節,臼状関節,4,
臨床医学各論,25,"｢7歳の女児。主訴は歩行異常。トレンデレンブルグ徴候がみられた。」
本症例で筋力低下をきたした筋の主な運動はどれか。",罹患関節の伸展,罹患関節の内旋,罹患関節を屈曲しながらの外転,罹患関節の外転,4,
臨床医学各論,25,"「78歳の男性。手がふるえ、動作が緩慢で、表情がなく、前かがみになりやすく、筋肉がこわばる。」
本症例でみられる症状と所見の組合せで正しいのはどれか。",筋肉がこわばる ――― 固縮,手がふるえる ―――― 企図振戦,表情がない ――――― 満月様顔貌,前かがみになる ――― 起坐位,1,
臨床医学各論,25,"「78歳の男性。手がふるえ、動作が緩慢で、表情がなく、前かがみになりやすく、筋肉がこわばる。」
本症例の原因で適切なのはどれか。",アセチルコリン受容体障害,錐体路障害,ドパミン欠乏,炎症性脱髄,3,
臨床医学各論,25,"「45歳の男性。最近、心窩部から背中の皮膚にかけて痛みが起きる。胸やけ、食欲不振もある。上部消化管内視鏡検査では、胃角部に潰瘍を認め、ヘリコバクター・ピロリの感染を疑った。」
本症例の背中の皮膚の痛みで最も適切なのはどれか。",内臓痛である。,空腹時に起こる。,体性痛である。,関連痛である。,4,
臨床医学各論,25,"「45歳の男性。最近、心窩部から背中の皮膚にかけて痛みが起きる。胸やけ、食欲不振もある。上部消化管内視鏡検査では、胃角部に潰瘍を認め、ヘリコバクター・ピロリの感染を疑った。」
ヘリコバクター・ピロリの検査はどれか。",胃液測定,血清ペプシノーゲン測定,尿素呼気検査,尿沈渣検査,3,
臨床医学各論,26,骨腫瘍で予後が悪いのはどれか。 ,軟骨肉腫,内軟骨腫 ,外骨腫 ,類骨腫,1,
臨床医学各論,26,変形性股関節症の原因とならないのはどれか。 ,ペルテス病 ,単純性股関節炎 ,外傷性股関節脱臼 ,大腿骨頭すべり症,2,
臨床医学各論,26,下腿の区画と筋の組合せで正しいのはどれか。 ,前区画――――――長指屈筋 ,外側区画―――――後脛骨筋 ,深後区画―――――長腓骨筋 ,浅後区画―――――ヒラメ筋,4,
臨床医学各論,26,頚椎症性神経根症でみられるのはどれか。 ,握力低下 ,腱反射亢進 ,尿閉 ,病的反射,1,
臨床医学各論,26,骨密度が保たれていても骨折を起こしやすいのはどれか。 ,糖尿病 ,高血圧症 ,脂質異常症 ,高尿酸血症,1,
臨床医学各論,26,スポーツ中に肉ばなれを起こしやすいのはどれか。 ,大殿筋 ,大腰筋 ,前脛骨筋 ,腓腹筋,4,
臨床医学各論,26,中皮腫と関連するのはどれか。 ,塩蔵食品 ,アルコール ,アスベスト ,アセトアルデヒド,3,
臨床医学各論,26,肺癌について正しいのはどれか。,死亡数は女性が多い。,骨転移はまれである。 ,小細胞癌が最も多い。 ,受動喫煙は危険因子である。,4,
臨床医学各論,26,脂肪肝に関係ないのはどれか。 ,肥満 ,糖尿病,肝硬変,胆嚢ポリ－プ,4,
臨床医学各論,26,感染症に罹患しやすいのはどれか。 ,血友病 ,悪性ﾘンパ腫 ,鉄欠乏性貧血 ,遺伝性球状赤血球症,2,
臨床医学各論,26,感染症について正しいのはどれか。,インフルエンザウィルス感染は迅速な検査が可能である。 ,麻疹は「三日ばしか」と言われている。 ,帯状疱疹は単純ヘルペスウィルスによる感染である。 ,梅毒はクラミジアによる感染である。,1,
臨床医学各論,26,呼吸器感染症について正しいのはどれか。 ,上気道炎の治療は主に抗菌薬である。 ,65歳以上の高齢者には肺炎球菌ワクチンが推奨されている。 ,インターフェロンγ遊離試験は非結核性抗酸菌症で陽性となる。 ,日本の結核患者数は先進国の中では少ない。,2,
臨床医学各論,26,狭心症について正しいのはどれか。 ,異型狭心症は日中に起こりやすい。 ,狭心痛は大動脈壁の内膜に生じた亀裂に血液が流入することで生じる。 ,心エコー検査で心臓の動きは正常である。 ,発作時の治療に抗血小板薬が用いられる。,3,
臨床医学各論,26,僧帽弁狭窄症について正しいのはどれか。 ,男性に多い。 ,先天性が多い。 ,心拍出量が増加する。 ,心房細動の合併が多い。,4,
臨床医学各論,26,ホルネル症候群がみられやすいのはどれか。 ,食道癌 ,胃癌 ,大腸癌 ,肝臓癌,1,
臨床医学各論,26,させられ体験がみられるのはどれか。 ,統合失調症 ,単極性障害 ,双極性障害 ,広汎性発達障害,1,
臨床医学各論,26,甲状腺機能低下症でみられるのはどれか。 ,頻脈 ,眼球突出 ,粘液水腫 ,発汗過多,3,
臨床医学各論,26,関節リウマチについて正しいのはどれか。 ,男性に多い。 ,関節のこわばりは夕方に多い。 ,対称性の関節腫脹を認めることが多い。 ,遠位指節間関節の腫脹を認めることが多い。,3,
臨床医学各論,26,"｢50歳の男性。主訴は下肢の浮腫。血液検査は総蛋白5.2g/dl，アルブミン2.5g/dl、総コレステ ロール280mg/dl。尿検査は尿糖3＋、尿蛋白4＋であった｡」
下肢浮腫の触診部位で最も適切なのはどれ か。 ",脛骨前面 ,内果 ,外果 ,アキレス腱 ,1,
臨床医学各論,26,"｢50歳の男性。主訴は下肢の浮腫。血液検査は総蛋白5.2g/dl，アルブミン2.5g/dl、総コレステ ロール280mg/dl。尿検査は尿糖3＋、尿蛋白4＋であった｡」
本症例でみられる浮腫の主な原因はどれか。",静水圧の上昇 ,血漿膠質浸透圧の低下 ,血管透過性亢進 ,リンパ液のうっ滞 ,2,
臨床医学各論,26,"「40歳の女性。数年前より手指のこわばりを自覚していた。最近、症状の増悪と手指の関節痛、腫 脹が認められ来院した。冷たいものに触ると手指が白くなることがある。検査では抗トポイソメラーゼI抗 体(抗Scl-70)が陽性であった｡」
本症例の手指の所見はどれか。 ",ゴットロン徴候 ,ばち指 ,レイノー現象 ,スプーン状爪 ,3,
臨床医学各論,26,"「40歳の女性。数年前より手指のこわばりを自覚していた。最近、症状の増悪と手指の関節痛、腫 脹が認められ来院した。冷たいものに触ると手指が白くなることがある。検査では抗トポイソメラーゼI抗 体(抗Scl-70)が陽性であった｡」
本疾患の合併症として最も多いのはどれか。",ブドウ膜炎 ,ネフローゼ症候群 ,逆流性食道炎 ,シェーグレン症候群 ,3,
臨床医学各論,26,"｢62歳の男性。右側の腰から下肢にかけての痛み、 しびれがある。歩くと痛みは強くなり歩けなく なるが、休むと再び歩けるようになる。足関節・上腕血圧比は1．0であった｡」
本症例の徒手検査所見で陽 性を示すのはどれか。 ",SLRテスト ,ケンプ徴候 ,大腿神経伸展テスト ,K・ボンネットテスト ,2,
臨床医学各論,26,"｢62歳の男性。右側の腰から下肢にかけての痛み、 しびれがある。歩くと痛みは強くなり歩けなく なるが、休むと再び歩けるようになる。足関節・上腕血圧比は1．0であった｡」
歩行中に右下肢痛が起こったときの対応として、体幹の姿位で最も適切なのはどれか。 ",前屈 ,後屈 ,右側屈 ,左側屈 ,1,
臨床医学各論,27,脳血管性パーキンソニズムの特徴について正しいのはどれか。,手指振戦,前傾前屈姿勢,歯車様筋強剛,歩行障害,4,
臨床医学各論,27,ラムゼイ ハント症候群の治療薬はどれか。,免疫抑制薬,抗菌薬,抗ウイルス薬,非ステロイド性抗炎症薬,3,
臨床医学各論,27,骨粗鬆症における骨折危険因子でないのはどれか。,運　動,喫　煙,糖尿病,副腎皮質ステロイド薬,1,
臨床医学各論,27,脊髄損傷の機能障害評価法で正しいのはどれか。,ブルンストロームステージ,バーセルインデックス,フランケル分類,ハミルトン評価尺度,3,
臨床医学各論,27,脊椎疾患と所見の組合せで正しいのはどれか。,頸椎椎間板ヘルニア　―――　間欠跛行,頸椎後縦靱帯骨化症　―――　膝蓋腱反射の減弱,腰椎椎間板ヘルニア　―――　アキレス腱反射の亢進,腰部脊柱管狭窄症　―――　会陰部のしびれ,4,
臨床医学各論,27,腎前性急性腎不全の病因はどれか。,広範囲熱傷,前立腺癌,急性糸球体腎炎,ミオグロビン尿症,1,
臨床医学各論,27,悪性リンパ腫について誤っているのはどれか。,有痛性のリンパ節腫脹がみられる。,化学療法が有効である。,発熱がみられる。,CRP が陽性となる。,1,
臨床医学各論,27,前立腺肥大症について正しいのはどれか。,蛋白尿がみられる。,夜間頻尿がみられる。,直腸指診では石のように硬く触れる。,骨転移がみられる。,2,
臨床医学各論,27,先端巨大症の原因とならないのはどれか。,膵頭部腫瘍,胃ポリープ,下垂体腺腫,気管支カルチノイド,2,
臨床医学各論,27,続発性高尿酸血症の原因とならないのはどれか。,白血病,腎不全,狭心症,多発性骨髄腫,3,
臨床医学各論,27,COPD で正しいのはどれか。,喫煙は関与しない。,安静時の呼吸困難が特徴である。,肺機能検査では閉塞性障害が特徴である。,発作時に気管支狭窄音を伴う。,3,
臨床医学各論,27,アスペルガー症候群に伴わないのはどれか。,知的障害,反復行動,特定分野への強いこだわり,社会的コミュニケーション障害,1,
臨床医学各論,27,アデノウイルス感染症はどれか。,伝染性単核球症,流行性角結膜炎,手足口病,突発性発疹,2,
臨床医学各論,27,直径 10 mm 以下の限局性隆起性の発疹はどれか。,丘　疹,紅　斑,痂　皮,鱗　屑,1,
臨床医学各論,27,感染症について正しいのはどれか。,ムンプスウイルスは空気感染する。,MRSA は院内感染の原因となる。,ボツリヌス菌による食中毒の主たる症状は血便である。,風疹は精巣炎を合併する。,2,
臨床医学各論,27,急性膵炎の原因で最も多いのはどれか。,胆　石,アルコール多飲,脂質異常症,膵　癌,2,
臨床医学各論,27,肝炎の感染経路で正しいのはどれか。,A 型肝炎は血液で感染する。,B 型肝炎は性行為で感染する。,C 型肝炎は生鮮魚介類の摂取で感染する。,E 型肝炎は母子感染する。,2,
臨床医学各論,27,認知症の症状とその原因となる病態の組合せで正しいのはどれか。,トイレ以外で放尿する　―――　失　行,テレビのリモコンが使えない　―――　失　認,「財布がない」と大騒ぎをする　―――　記銘力障害,料理ができない　―――　見当識障害,3,
臨床医学各論,27,"「50 歳の男性。主訴は体重減少。口渇、下肢の感覚鈍麻を認める。BMI 30。空腹時血糖 180 mg/dl、HbA1c 8.9 ％。」
本症例の神経学的所見で正しいのはどれか。",感覚障害は左右非対称である。,振動覚は正常である。,アキレス腱反射は亢進する。,発汗異常を認める。,4,
臨床医学各論,27,"「50 歳の男性。主訴は体重減少。口渇、下肢の感覚鈍麻を認める。BMI 30。空腹時血糖 180 mg/dl、HbA1c 8.9 ％。」
本疾患について正しいのはどれか。　",免疫機能は亢進する。,HbA1c は過去 2 週間の平均血糖値を反映する。,急性合併症には昏睡がある。,大血管障害には腎症がある。,3,
臨床医学各論,27,"「80 歳の男性。 1 年前から夜間に人や子どもが見え、本当に人がいるように話しかけることもある。半年前から次第に動作が鈍くなってきた。最近は物忘れも出現している。」
本症例で動作が鈍くなってきた原因として正しいのはどれか。",下肢筋力の低下,歩行失行,パーキンソニズム,深部感覚障害,3,
臨床医学各論,27,"「80 歳の男性。 1 年前から夜間に人や子どもが見え、本当に人がいるように話しかけることもある。半年前から次第に動作が鈍くなってきた。最近は物忘れも出現している。」
本症例でさらに確認すべき症状はどれか。　",物盗られ妄想,認知機能の日内変動,症状の階段状の悪化,欲動的な行動,2,
臨床医学各論,27,"「67 歳の女性。胸部エックス線写真で右上肺野の末梢側に 2 cm 大の結節影があり、気管支内視鏡検査で肺癌と診断された。」
最も可能性が高い組織型はどれか。",腺　癌,小細胞癌,大細胞癌,扁平上皮癌,1,
臨床医学各論,27,"「67 歳の女性。胸部エックス線写真で右上肺野の末梢側に 2 cm 大の結節影があり、気管支内視鏡検査で肺癌と診断された。」
遠隔転移を調べる上で必要な検査はどれか。　",呼吸機能,冠動脈造影,脳造影 MRI,心エコー,3,
臨床医学各論,28,"次の文で示す症例の確定診断のために最も重要な検査はどれか。
「25歳の男性。10日前に上気道炎に罹患、3日前から両下肢の粗大筋力が低下、後に両上肢へと進展した。」",頸椎MRI検査,末梢神経伝導速度検査,血中CK値測定,遺伝子検査,2,
臨床医学各論,28,"次の文で示す症例に対する歩行介助で最も適切なのはどれか。
「58歳の男性。2年前から右手の振戦が出現、後に動作が緩慢になってきた。急に狭くなる場所では足が前に出ない。」",静かに見守る。,積極的に会話する。,速いテンポの音楽を流す。,メトロノームでリズムをとる。,4,
臨床医学各論,28,白血病についてウイルスが原因で日本の西南地方に多いのはどれか。,成人T細胞白血病,慢性骨髄性白血病,急性骨髄性白血病,急性リンパ性白血病,1,
臨床医学各論,28,大腿骨頭すべり症で陽性になるのはどれか。,アイヒホッフテスト,ピボットシフトテスト,ドレーマン徴候,ピアノキー徴候,3,
臨床医学各論,28,頸椎間板ヘルニアについて正しいのはどれか。,神経根症では上肢に腱反射の亢進を認める。,神経根症では腹壁反射の消失を認める。,脊髄症では下肢に腱反射の減弱を認める。,脊髄症では下肢に病的反射を認める。,4,
臨床医学各論,28,尿路結石の再発予防に有用なのはどれか。,水分摂取,尿酸排泄促進薬内服,柑橘類摂取,ホウレンソウ摂取,1,
臨床医学各論,28,血液疾患と症状の組合せで正しいのはどれか。,鉄欠乏性貧血　------　末梢神経障害,悪性リンパ腫　-----　舌　炎,急性白血病　-----　出血傾向,再生不良性貧血　-----　リンパ節腫脹,3,
臨床医学各論,28,高血圧と耐糖能異常のいずれも認めないのはどれか。,褐色細胞腫,アジソン病,クッシング症候群,原発性アルドステロン症,2,
臨床医学各論,28,自己免疫機序が関与しないのはどれか。,悪性貧血,溶血性貧血,鉄欠乏性貧血,再生不良性貧血,3,
臨床医学各論,28,"次の文で示す症例の病態で正しいのはどれか。
「85歳の女性。左大腿骨頸部骨折の手術を受けた翌日の夜に、ちぐはぐな言動が出現した。」",せん妄,認知症,うつ病,不安神経症,1,
臨床医学各論,28,続発性脂質異常症の診断に有用でないのはどれか。,肥満度,血尿の有無,HbA1c,甲状腺ホルモン値,2,
臨床医学各論,28,呼吸器感染症について正しいのはどれか。,非結核性抗酸菌は人から人へ感染する。,感冒の原因は主に細菌感染である。,肺結核の治療は抗菌薬の単剤治療である。,肺炎治療で菌の耐性化が問題となっている。,4,
臨床医学各論,28,COPDについて正しいのはどれか。,女性に多い。,拘束性換気障害を呈する。,安静時の呼吸困難が特徴である。,増悪予防にはインフルエンザワクチン接種は有効である。,4,
臨床医学各論,28,帯状庖疹について正しいのはどれか。,抗ウイルス薬が有効である。,発疹は両下肢に好発する。,コプリック斑が出現する。,小児期に発症する。,1,
臨床医学各論,28,潜伏期間が最も長いのはどれか。,流行性耳下腺炎,エイズ,ジフテリア,破傷風,2,
臨床医学各論,28,潰瘍性大腸炎の特徴で正しいのはどれか。,大腸壁の全層に炎症を起こす。,痔瘻合併の頻度が高い。,直腸から口側へ病変が連続する。,回盲部に好発する。,3,
臨床医学各論,28,ウイルス性肝炎と感染経路の組合せで正しいのはどれか。,A　型　----　血液への暴露,B　型　----　性行為,C　型　----　獣肉摂取,E　型　----　生鮮魚介類摂取,2,
臨床医学各論,28,食道癌について正しいのはどれか。,腺癌が多い。,若年者に多い。,女性に多い。,アルコールは危険因子である。,4,
臨床医学各論,28,"「35歳の女性看護師。皮膚の黄染、全身倦怠感にて受診。針刺しの既往がある。肝炎ウイルスマーカーでは、HCV抗体陽性、HCV-RNA陽性で、他は陰性であった。」
本疾患について正しいのはどれか。",生ガキの摂取で起こる。,慢性化の頻度が高い。,劇症肝炎へ進展しやすい。,ワクチン予防が可能である。,2,
臨床医学各論,28,"「35歳の女性看護師。皮膚の黄染、全身倦怠感にて受診。針刺しの既往がある。肝炎ウイルスマーカーでは、HCV抗体陽性、HCV-RNA陽性で、他は陰性であった。」
本疾患に合併する悪性腫瘍で上昇する腫瘍マーカーはどれか。",CA125,SCC,CEA,AFP,4,
臨床医学各論,28,"「83歳の女性。昨夜から左膝痛と38℃の発熱が出現した。左膝関節に熱感、腫脹および膝蓋跳動を認める。関節液の偏光顕微鏡観察で異常を認めた。」
最も可能性の高い疾患はどれか。",化膿性関節炎,関節リウマチ,偽痛風,変形性膝関節症,3,
臨床医学各論,28,"「83歳の女性。昨夜から左膝痛と38℃の発熱が出現した。左膝関節に熱感、腫脹および膝蓋跳動を認める。関節液の偏光顕微鏡観察で異常を認めた。」
本症例に特徴的な単純エックス線所見はどれか。",骨棘形成,関節裂隙狭小化,骨びらん,半月板石灰化,4,
臨床医学各論,28,"「60歳の男性。高血圧にて内服加療中。2日前から38℃の発熱、昨日から嘔吐と頭部全体の痛みがある。意識レベルはJCSでⅠ-1、血圧は178/90mmHgである。」
最も考えられる疾患はどれか。",高血圧性脳症,髄膜炎,群発頭痛,小脳出血,2,
臨床医学各論,28,"「60歳の男性。高血圧にて内服加療中。2日前から38℃の発熱、昨日から嘔吐と頭部全体の痛みがある。意識レベルはJCSでⅠ-1、血圧は178/90mmHgである。」
本症例で確認すべき所見はどれか。",ケルニッヒ徴候,ホルネル徴候,バレー徴候,ロンベルグ徴候,1,
臨床医学各論,29,特発性側弯症について正しいのはどれか。,男性に多い。,前屈姿勢で左右の鎖骨の張り出しの差を診る。,コブ角は脊椎側面エックス線写真で測定する。,早期発見には学校健康診断が重要である。,4,
臨床医学各論,29,受傷直後の足関節捻挫に対するRICE処置について最も適切なのはどれか。,ギプス包帯を行う。,湿布を患部に貼付する。,損傷靱帯部を圧迫する。,患肢は頭より高く上げる。,3,
臨床医学各論,29,デュシェンヌ型筋ジストロフィーについて正しいのはどれか。,女性に多い。,腓腹筋の仮性肥大がみられる。,血清CK値は正常である。,関節拘縮のため踵足になる。,2,
臨床医学各論,29,筋萎縮性側索硬化症に特徴的なのはどれか。,膀胱直腸障害,褥　瘡,嚥下障害,眼球運動障害,3,
臨床医学各論,29,症状の階段状悪化がよくみられるのはどれか。,前頭側頭型認知症,レビー小体型認知症,血管性認知症,アルツハイマー型認知症,3,
臨床医学各論,29,小球性低色素性貧血をきたすのはどれか。,溶血性貧血,鉄欠乏性貧血,再生不良性貧血,巨赤芽球性貧血,2,
臨床医学各論,29,急性膀胱炎について正しいのはどれか。,男性に多い。,排尿後の痛みが多い。,原因菌は黄色ブドウ球菌が多い。,水分はあまり摂らない方がよい。,2,
臨床医学各論,29,腎疾患と所見の組合せで正しいのはどれか。,急性糸球体腎炎　---　低血圧,慢性腎不全　---　高リン血症,急性腎不全　---　代謝性アルカローシス,ネフローゼ症候群　---　低コレステロール血症,2,
臨床医学各論,29,不眠がみられにくいのはどれか。,褐色細胞腫,アジソン病,クッシング症候群,バセドウ病,2,
臨床医学各論,29,失明の原因となるのはどれか。,痛　風,骨形成不全症,糖尿病,脂質異常症,3,
臨床医学各論,29,女性に多く発症するのはどれか。,橋本病,尿崩症,先端巨大症,原発性アルドステロン症,1,
臨床医学各論,29,呼吸器疾患について正しいのはどれか。,自然気胸は胸痛を伴う。,肺線維症は閉塞性換気障害をきたす。,気管支喘息による死亡者数は増加している。,COPDは安静時の呼吸困難が特徴的である。,1,
臨床医学各論,29,中心部の視野欠損や物がゆがんで見える症状が早期から出現する疾患はどれか。,白内障,緑内障,ぶどう膜炎,加齢黄斑変性症,4,
臨床医学各論,29,伝音性難聴をきたすのはどれか。,急性中耳炎,聴神経腫瘍,突発性難聴,メニエール病,1,
臨床医学各論,29,病気でもないのに病気と考えたり、些細な身体の不調を重大な疾患と考え、執拗に訴えるのはどれか。,強迫神経症,心気症,不安神経症,抑うつ神経症,2,
臨床医学各論,29,院内感染と関連が深いのはどれか。,破傷風菌,MRSA,肺炎球菌,ボツリヌス菌,2,
臨床医学各論,29,細菌感染症はどれか。,帯状疱疹,流行性角結膜炎,百日咳,手足口病,3,
臨床医学各論,29,感染症について正しいのはどれか。,風疹は「三日ばしか」と言われる。,日本脳炎はネズミの媒介によって感染する。,水痘は精巣炎を合併しやすい。,流行性耳下腺炎は空気感染する。,1,
臨床医学各論,29,ウイルス性肝炎で生の貝類の摂取により最も感染しやすいのはどれか。,Ａ型,Ｂ型,Ｃ型,Ｅ型,1,
臨床医学各論,29,非代償性肝硬変でみられる血液検査所見はどれか。,総ビリルビン値低下,血小板減少,プロトロンビン時間短縮,アルブミン値上昇,2,
臨床医学各論,29,膵癌のリスクファクターでないのはどれか。,糖尿病,慢性膵炎,喫　煙,高血圧,4,
臨床医学各論,29,"「70 歳の男性。約20年前に2型糖尿病と診断され薬物治療を受けている。最近急に複視が出現した。正中視で右眼は外転位をとっている。対光反射は異常なく眼瞼下垂もない。」
障害されている脳神経はどれか。",視神経,動眼神経,滑車神経,外転神経,2,
臨床医学各論,29,"「70 歳の男性。約20年前に2型糖尿病と診断され薬物治療を受けている。最近急に複視が出現した。正中視で右眼は外転位をとっている。対光反射は異常なく眼瞼下垂もない。」
神経症状発現の病態生理として正しいのはどれか。",浮　腫,虚　血,炎　症,圧　迫,2,
臨床医学各論,29,"「75 歳の男性。脚立から落下し、手足が動かなくなった。非骨傷性脊髄損傷と診断され入院した。肘関節の屈曲は可能、手関節の伸展と屈曲および肘関節の伸展は不能。」
本患者の脊髄節残存高位はどれか。",C5,C6,C7,C8,1,
臨床医学各論,29,"「75 歳の男性。脚立から落下し、手足が動かなくなった。非骨傷性脊髄損傷と診断され入院した。肘関節の屈曲は可能、手関節の伸展と屈曲および肘関節の伸展は不能。」
退院時には屋内歩行が可能となったが、箸がうまく使えなかった。退院の準備として正しいのはどれか。",長下肢装具の作製,意思伝達装置の導入,歩行ロボットの導入,食事に対する自助具の作製,4,
臨床医学各論,29,"「14歳の男子。サッカー部に入部してから3か月が経過した。最近腰部を反らすと腰に痛みが出るようになり来院した。」
予想される診察所見はどれか。",体前屈で腰痛が増強する。,体幹回旋で腰痛が増強する。,SLR テストは陽性となる。,FNS テストは陽性となる。,2,
臨床医学各論,29,"「14歳の男子。サッカー部に入部してから3か月が経過した。最近腰部を反らすと腰に痛みが出るようになり来院した。」
本症例に特徴的な単純エックス線所見はどれか。",椎間板腔の狭小化,腰椎前弯の消失,テリアの首輪,椎体の変形,3,
臨床医学各論,29,"「45 歳の女性。 2か月前から易疲労感、動悸、息切れ、体重減少が出現した。血液検査では、血中ヘモグロビンと平均赤血球容積は低値であった。」
症状発現の基礎疾患となるのはどれか。",心臓弁膜症,子宮筋腫,甲状腺機能亢進症,気管支喘息,2,
臨床医学各論,29,"「45 歳の女性。 2か月前から易疲労感、動悸、息切れ、体重減少が出現した。血液検査では、血中ヘモグロビンと平均赤血球容積は低値であった。」
薬物治療にて症状は改善した。今後食事で特に摂取すべきものはどれか。",赤身の肉類,豆　腐,緑黄色野菜,海　藻,1,
臨床医学各論,30,くる病の治療で適切でないのはどれか。,ビタミンDの投与,運　動,日光浴,副腎皮質ホルモンの投与,4,
臨床医学各論,30,骨化性筋炎の原因はどれか。,脊髄損傷,エストロゲン製剤の服用,意識障害を伴う脳障害,筋挫傷後の無理な可動域訓練,4,
臨床医学各論,30,外傷とその原因の組合せで正しいのはどれか。,手舟状骨骨折　---　手関節掌屈,股関節脱臼　---　車内のダッシュボードへの膝の衝突,上腕骨顆上骨折　---　上肢の急激な牽引,第5中足骨基部列裏骨折　---　足部外がえし,2,
臨床医学各論,30,筋萎縮性側索硬化症によくみられるのはどれか。,感覚障害,眼球運動障害,膀胱直腸障害,筋線維束性れん縮,4,
臨床医学各論,30,パーキンソン病で振戦が最も起こりやすいのはどれか。,字を書くとき,じっとしているとき,何か物を取ろうとするとき,からだの前で手を保持するとき,2,
臨床医学各論,30,高血圧性脳出血が最も好発する部位はどれか。,被　殻,視　床,橋,前頭葉,1,
臨床医学各論,30,汎血球減少症をきたすのはどれか。,鉄欠乏性貧血,腎性貧血,溶血性貧血,再生不良性貧血,4,
臨床医学各論,30,子宮筋腫について正しいのはどれか。,CA125が上昇する。,ヒトパピローマウイルス(HPV）感染が関係する。,不正性器出血をきたしにくい。,エストロゲン依存性疾患である。,4,
臨床医学各論,30,非結核性抗酸菌症につてい正しいのはどれか。,男性に多い。,人から人へ感染する。,難治性である。,肺切除の対象とはならない。,3,
臨床医学各論,30,腎前性腎不全の病因はどれか。,出血性ショック,前立腺癌,後腹膜腫瘍,急性腎炎症候群,1,
臨床医学各論,30,不整脈で予後が最も良いのはどれか。,心室細動,心房細動,上室性期外収縮,Ⅲ度房室ブロック,3,
臨床医学各論,30,我が国における後天性失明の原因で最も多いのはどれか。,加齢黄斑変性病,白内障,網膜剥離,緑内障,4,
臨床医学各論,30,Ⅳ型アレルギーはどれか。,アナフィラキシーショック,アレルギー性結膜炎,アレルギー性接触性皮膚炎,アレルギー性鼻炎,3,
臨床医学各論,30,発達障害で不注意、多動性、衝動性の3つの特徴がみられるのはどれか。,ADHD,PTSD,発達性協調運動障害,自閉スペクタラム症,1,
臨床医学各論,30,感染症と媒介生物の組合せで正しいのはどれか。,発疹チフス　---　ダニ,トキソプラズマ症　---　シラミ,デング熱　---　蚊,日本脳炎　---　ネズミ,3,
臨床医学各論,30,急性膵炎で最も多いのはどれか。,アルコール性膵炎,自己免疫性膵炎,胆石性膵炎,薬剤性膵炎,1,
臨床医学各論,30,予防接種が有効な感染症はどれか。,百日咳,腸チフス,C型肝炎,猩紅熱,1,
臨床医学各論,30,アデノウイルス感染症はどれか。,流行性耳下腺炎,流行生角結膜炎,伝染性単核球症,手足口病,2,
臨床医学各論,30,大腸癌につて正しいのはどれか。,近年減少傾向である。,便潜血検査は死亡率減少に寄与する。,大部分が扁平上皮癌である。,血清CEAが早期診断に役立つ。,2,
臨床医学各論,30,ウイルス性肝炎と感染経路の組合せで正しいのはどれか。,A　型　---　性行為,B　型　---　獣肉摂取,C　型　---　血液への曝露,E　型　---　生鮮魚介類の摂取,3,
臨床医学各論,30,"「65歳の男性。左片麻痺と意識障害を生じた。頭部CT検査において右被殻出血と診断され、保存的治療を受けた。リハビリテーションの評価において視覚の見落としが著名であった。」
本患者の高次機能障害はどれか。",失　行,注意障害,記憶障害,遂行機能障害,2,
臨床医学各論,30,"「65歳の男性。左片麻痺と意識障害を生じた。頭部CT検査において右被殻出血と診断され、保存的治療を受けた。リハビリテーションの評価において視覚の見落としが著名であった。」
適切な対応はどれか。",メモをとるように勧める。,周囲の人が同作を促す。,段差に気をつけるように指導する。,同時に複数の課題をさせない。,3,
臨床医学各論,30,"「70歳の男性。車を停車中に左上肢を伸ばし、後部座席の物を取ったところ、肩峰部に激痛を感じた。肩関節部を他動的に外転させても、自力で外転位を保持できない。」
診察所見で適切なのはどれか。",ドロップアームサイン陽性,ペインフルアークサイン陽性,肩関節内旋筋力低下,肩関節内転筋力低下,1,
臨床医学各論,30,"「70歳の男性。車を停車中に左上肢を伸ばし、後部座席の物を取ったところ、肩峰部に激痛を感じた。肩関節部を他動的に外転させても、自力で外転位を保持できない。」
診断確定のための検査で最も適切なのはどれか。",エックス線検査,CT検査,MRI検査,筋電図検査,3,
臨床医学各論,30,"「55歳の女性。2ヶ月前から背部の鈍痛が続いていたが放置していた。発熱はないが、食欲不振、体重減少、倦怠感がある。」
最も疑われる疾患はどれか。",子宮筋腫,尿路結石,腎盂腎炎,膵臓癌,4,
臨床医学各論,30,"「55歳の女性。2ヶ月前から背部の鈍痛が続いていたが放置していた。発熱はないが、食欲不振、体重減少、倦怠感がある。」
行うべき検査で最も適切なのはどれか。",腹部超音波検査,尿沈渣,血液像(白血球分画),腹部エックス線検査,1,
臨床医学各論,30,"「55歳の男性。強度近視。夕方デスクワーク中、右目で黒く動く小さな糸くず状のものが見えた。」
該当する症状はどれか。",霧　視,複　視,飛蚊症,光視症,3,
臨床医学各論,30,"「55歳の男性。強度近視。夕方デスクワーク中、右目で黒く動く小さな糸くず状のものが見えた。」
次第に症状は悪化し、右眼で下から上へ視野欠損も生じてきた。
考えられる疾患はどれか。",緑内障,白内障,網膜剥離,網膜色素変性症,3,
臨床医学各論,31,急性糸球体腎炎について正しいのはどれか。,予後は良好である。,高齢者に多い。,血清補体価は上昇する。,細菌尿がみられる。,1,
臨床医学各論,31,神経性やせ症（神経性食欲不振症）について正しいのはどれか。,中年に多い。,栄養吸収障害が原因である。,電解質異常は起こしにくい。,心理療法が有効である。,4,
臨床医学各論,31,肘内障について正しいのはどれか。,肘に腫脹はない。,腕尺関節の脱臼である。,徒手整復は困難である。,反復性に移行しやすい。,1,
臨床医学各論,31,細菌感染症はどれか。,デング熱,破傷風,日本脳炎,手足口病,2,
臨床医学各論,31,細菌性腸炎の原因菌と食品の組合せで誤っているのはどれか。,サルモネラ属　-----　ハチミツ,腸炎ビブリオ　-----　生鮮魚介類,ブドウ球菌　-----　にぎりめし,ガンピロバクター　-----　鶏肉,1,
臨床医学各論,31,肺結核について正しいのはどれか。,主な感染経路は飛沫感染である。,抗結核薬は単剤で用いる。,結核と診断したら直ちに届け出る。,医療者はサージカルマスク着用が推奨される。,3,
臨床医学各論,31,COPDについて正しいのはどれか。,肺拡散能（DLCO）は正常である。,労作時の呼吸困難が特徴である。,発作時に気管支狭窄音を伴う。,肺機能検査では拘束性換気障害が特徴である。,2,
臨床医学各論,31,肺癌患者にみられる所見と浸潤部位の組合せで正しいのはどれか。,縮　瞳　----------　上大静脈,顔面浮腫　---------　交感神経,嗄　声　----------　反回神経,腰　痛　----------　横隔神経,3,
臨床医学各論,31,胸膜中皮腫と関連するのはどれか。,塩蔵食品,アスベスト,アセトアルデヒド,ジクロロプロパン,2,
臨床医学各論,31,右心不全によくみられる身体所見はどれか。,肺うっ血,頻呼吸,下肢の浮腫,四肢チアノーゼ,3,
臨床医学各論,31,ネフローゼ症候群の診断基準に含まれるのはどれか。,排尿痛,高LDLコレステロール血症,尿　糖,高蛋白血症,2,
臨床医学各論,31,鉄欠乏性貧血について正しいのはどれか。,葉酸の欠乏が原因となる。,血清フェリチンは増加する。,小球性貧血がみられる。,骨髄は低形成である。,3,
臨床医学各論,31,アルツハイマー病の症状で正しいのはどれか。,まだら認知症,物盗られ妄想,はぐらかし対応,パーキンソン症状,2,
臨床医学各論,31,HbA1ｃが反映する血糖値の期間はどれか。,1～2日間,1～2週間,1～2か月間,1～2年間,3,
臨床医学各論,31,甲状腺機能低下症の症状で正しいのはどれか。,頻　脈,手指振戦,体重増加,発汗過多,3,
臨床医学各論,31,骨粗鬆症患者で最も骨折が起こりにくい部位はどれか。,橈骨遠位部,腰椎椎体,大腿骨近位部,踵骨体部,4,
臨床医学各論,31,中殿筋機能が低下して起こるのはどれか。,アリス徴候,クリック徴候,ドレーマン徴候,トレンデレンブルグ徴候,4,
臨床医学各論,31,成人の気管支喘息について正しいのはどれか。,拘束性換気障害をきたす。,発作は昼間に起こりやすい。,血液検査では好塩基球が増加する。,吸入ステロイド薬が治療の中心である。,4,
臨床医学各論,31,労作性狭心症と急性心筋梗塞で、最も違いが明確なのはどれか。,胸痛の持続時間,呼吸困難の程度,放散痛の部位,症状出現の時刻,1,
臨床医学各論,31,疾患と症状の組合せで正しいのはどれか。,過敏性腸症候群　------　血便,急性胆嚢炎　--------　左季肋部,慢性膵炎　---------　便　秘,肝硬変　----------　女性化乳房,4,
臨床医学各論,31,かぜ症候群について正しいのはどれか。,ほとんどがウイルス感染である。,初期から呼吸音に異常がみられる。,主な感染経路は空気感染である。,抗菌薬を主に用いる。,1,
臨床医学各論,31,"「68歳の女性。右利き。右片麻痺を生じ病院に救急搬送された。MRI検査にて左中大脳動脈領域の脳梗塞と診断され、保存的治療を受けた。」
本患者の症状で最もみられるのはどれか。",失調症,失語症,左半側空間無視,注意障害,2,
臨床医学各論,31,"「68歳の女性。右利き。右片麻痺を生じ病院に救急搬送された。MRI検査にて左中大脳動脈領域の脳梗塞と診断され、保存的治療を受けた。」
重度の片麻痺が続いた場合に行うADL訓練として最も適切なのはどれか。",箸を使った食事動作,両上肢での更衣,両手での洗顔,利き手交換,4,
臨床医学各論,31,"「56歳の男性。数日前から続く右肩甲部や右上腕外側の痛みと、右前腕橈側から右手橈側のしびれを主訴に来院した。」
最も陽性になりやすいのはどれか。",ペインフルアークサイン,スパーリングテスト,トムゼンテスト,ファレンテスト,2,
臨床医学各論,31,"「56歳の男性。数日前から続く右肩甲部や右上腕外側の痛みと、右前腕橈側から右手橈側のしびれを主訴に来院した。」
装具療法を行う場合に最も適切なのはどれか。",頸椎装具,肩関節外転装具,テニス肘バンド,手関節背屈装具,1,
臨床医学各論,31,"「52歳の男性。3週間前から倦怠感と微熱がある。舌炎は認めないが、鼻血や歯茎の出血、皮下出血斑がみられる。」
最も考えられる疾患はどれか。",急性白血病,悪性貧血,溶血性貧血,血友病,1,
臨床医学各論,31,"「52歳の男性。3週間前から倦怠感と微熱がある。舌炎は認めないが、鼻血や歯茎の出血、皮下出血斑がみられる。」
診断に必要な血液検査項目て最も適切なのはどれか。",葉　酸,血液像,第Ⅷ凝固因子,ビリルビン,2,
臨床医学各論,31,"「72歳の女性。頻尿と尿意切迫感を主訴に来院した。尿一般検査と尿細菌検査に異常はなかった。腹部超音波検査で残尿はみられなかった。」
考えられる疾患はどれか。",急性膀胱炎,腎盂腎炎,過活動膀胱,腎結石,3,
臨床医学各論,31,"「72歳の女性。頻尿と尿意切迫感を主訴に来院した。尿一般検査と尿細菌検査に異常はなかった。腹部超音波検査で残尿はみられなかった。」
生活指導について適切なのはどれか。",坐位時間を長くする。,骨盤底筋訓練を行う。,水分摂取を控える。,尿意を感じたらすぐに排尿する。,2,
臨床医学各論,32,介護保険施設でノロウイルス感染症が発生した。感染拡大させないための対応として適切なのはどれか。,感染者の居室は次亜塩素酸ナトリウムで清拭する。,感染者の吐物は乾燥してから処理する。,感染者が使用したリネンは60℃の加熱処理を行う。,感染者が使用した食器はアルコールで消毒する。,1,
臨床医学各論,32,アルツハイマー病で正しいのはどれか。,ラクナ梗塞の多発により発症する。,アミロイドβ蛋白質が蓄積する。,初期には記銘力障害はみられない。,MRI検査では前頭葉の萎縮が特徴である。,2,
臨床医学各論,32,ギランバレー症候群について正しいのはどれか。,中年女性に多い。,遺伝性疾患である。,骨格筋に原因がある。,先行感染を認めることが多い。,4,
臨床医学各論,32,水痘の症状はどれか。,耳下腺の腫脹,両頬部のびまん性紅斑,水疱へと進行する紅斑,解熱前後の斑状丘疹性発疹,3,
臨床医学各論,32,急性骨髄性白血病について正しいのはどれか。,幼若芽球が増殖する。,小児に多くみられる。,細菌感染が関係する。,ミエロペルオキシダーゼ染色は陰性である。,1,
臨床医学各論,32,気管支拡張症について正しいのはどれか。,気道の変化は不可逆性である。,小児喘息の既往をもつことが多い。,喀血をきたすことはない。,治療は抗菌薬を短期投与する。,1,
臨床医学各論,32,肺結核について正しいのはどれか。,空気感染する。,治療薬は単剤を用いる。,感染すると半数が発病する。,"我が国の2021年の新規発症患者数は1,000人以下である。",1,
臨床医学各論,32,鉄欠乏性貧血について正しいのはどれか。,大球性貧血である。,正色素性貧血である。,総鉄結合能は低下する。,鉄剤の投与によって網状赤血球は増加する。,4,
臨床医学各論,32,出血性素因について正しいのはどれか。,一次血栓はフィブリンで構成される。,血液凝固反応にはビタミンCが重要である。,血友病は男性には認められない。,特発性血小板減少性紫斑病は自己免疫疾患である。,4,
臨床医学各論,32,ネフローゼ症候群について正しいのはどれか。,血清コレステロールが低値となる。,低蛋白血症を認める。,尿蛋白は陰性である。,小児では予後不良である。,2,
臨床医学各論,32,ビタミンB1欠乏でみられるのはどれか。,ペラグラ,萎縮性胃炎,巨赤芽球性貧血,多発性末梢神経障害,4,
臨床医学各論,32,AEDによる除細動の適応となる不整脈はどれか。,心室細動,心房細動,心室性期外収縮,上室性期外収縮,1,
臨床医学各論,32,左心不全の身体所見はどれか。,腹　水,下肢の浮腫,肝腫大,起坐呼吸,4,
臨床医学各論,32,急性心筋梗塞で上昇する血液検査項目として最も適切なのはどれか。,γ-GTP,ALP,ALT,AST,4,
臨床医学各論,32,L5神経根障害の所見として誤っているのはどれか。,足背の知覚障害,アキレス腱反射消失,足関節背屈筋力低下,SLRテスト陽性,2,
臨床医学各論,32,原発性悪性骨腫瘍で最も頻度が高いのはどれか。,骨肉腫,軟骨肉腫,ユーイング肉腫,脊索腫,1,
臨床医学各論,32,胃食道逆流症について正しいのはどれか。,るいそう患者に後発する。,近年減少傾向である。,一過性下部食道括約筋弛緩が関与する。,生命予後は不良である。,3,
臨床医学各論,32,ウイルス性肝炎と感染経路の組合せで正しいのはどれか。,A型肝炎　---　感染血液への曝露,B型肝炎　---　分娩時の垂直感染,C型肝炎　---　獣肉の生食,E型肝炎　---　生鮮魚介類の摂取,2,
臨床医学各論,32,膵癌のリスクファクターとして正しいのはどれか。,高血圧症,脂質異常症,高尿酸血症,糖尿病,4,
臨床医学各論,32,パニック障害の症状はどれか。,予期不安,妄想,幻聴,させられ体験,1,
臨床医学各論,32,緑内障について最も適切なのはどれか。,水晶体が混濁する。,細菌感染症である。,失明の原因となる。,中心視野が障害される。,3,
臨床医学各論,32,乳癌について正しいのはどれか。,腫瘤は痛みを伴う。,乳房の外下部の発生が多い。,多くはホルモン依存性である。,乳房全摘出が第一選択である。,3,
臨床医学各論,32,"「3歳の女児。滑り台から落ちて右手をつき、右肘過伸展を強いられ受傷。近医を受診、右肘部変形あり、肘部前面の皮下出血と示指・中指のしびれが認められた。」
最も考えられる診断はどれか。",上腕骨外科頸骨折,上腕骨骨幹部骨折,上腕骨顆上骨折,上腕骨外顆骨折,3,
臨床医学各論,32,"「3歳の女児。滑り台から落ちて右手をつき、右肘過伸展を強いられ受傷。近医を受診、右肘部変形あり、肘部前面の皮下出血と示指・中指のしびれが認められた。」
最も考えられる障害神経はどれか。",腋窩神経,正中神経,筋皮神経,尺骨神経,2,
臨床医学各論,32,"「60歳の女性。数年前から左手の振戦を生じ、次第にすくみ足、寡動を認めるようになり、近医にて診断を受け、投薬が開始された。」
最もよくみられる症候はどれか。",仮面様顔貌,測定障害,眼瞼下垂,痙縮,1,
臨床医学各論,32,"「60歳の女性。数年前から左手の震戦を生じ、次第にすくみ足、寡動を認めるようになり、近医にて診断を受け、投薬が開始された。」
歩行障害に対するリハビリテーションとして最も適切なのはどれか。",歩行速度を上げるように指示する。,メトロノームを用いた訓練を行う。,継ぎ足歩行をさせる。,坂道での訓練を行う。,2,
臨床医学各論,32,"「45歳の男性。長時間の座位により右下肢痛が生じるようになったため整形外科を受診し、腰椎椎間板ヘルニアと診断された。右の片脚立ちでの踵の挙上ができなかった。」
感覚鈍麻が疑われる部位はどれか。",足　底,足背中央,下腿内側,大腿前面,1,
臨床医学各論,32,"「45歳の男性。長時間の座位により右下肢痛が生じるようになったため整形外科を受診し、腰椎椎間板ヘルニアと診断された。右の片脚立ちでの踵の挙上ができなかった。」
早期に手術治療を要する病態はどれか。",尿　閉,下腿後面のしびれ,夜間のこむら返り,アキレス腱反射消失,1,
臨床医学各論,32,"「18歳の男性。背が高く痩せている。突然、右胸の痛みと息切れを感じた。」
最初に行う検査はどれか。",血液生化学検査,呼吸機能検査,胸部単純エックス線検査,胸部単純CT検査,3,
臨床医学各論,32,"「18歳の男性。背が高く痩せている。突然、右胸の痛みと息切れを感じた。」
血圧がさがり息切れが増加した。最も適切な対応はどれか。",経過観察,鎮痛剤の投与,生理食塩水点滴,胸腔ドレナージ,4,
臨床医学各論,33,食中毒の原因となる細菌と食品の組合せで正しいのはどれか。,サルモネラ属　---　魚介類,腸炎ビブリオ　---　レバー,カンピロバクター　---　鶏　肉,腸管出血性大腸菌　---　鶏　卵,3,
臨床医学各論,33,緑内障について正しいのはどれか。,初期の変化は硝子体に起こる。,初期から中心視野が障害される。,視神経は障害されない。,中高年の失明の原因として最も多い。,4,
臨床医学各論,33,パニック発作について正しいのはどれか。,特定の社会状況で発作が起こる。,発作は数時間続く。,発作時の呼吸困難には酸素投与を行う。,治療には認知行動療法が有効である。,4,
臨床医学各論,33,小児のアトピー性皮膚炎について正しいのはどれか。,皮膚のバリア機能が亢進している。,湿疹は四肢大関節の屈側に認めることが多い。,Ⅲ型アレルギーが関与している。,抗ヒスタミン薬の内服が第一選択である。,2,
臨床医学各論,33,抗酸菌感染症について正しいのはどれか。,肺結核の主な感染経路は飛沫感染である。,"我が国の2022年の結核新規発症患者数は1,000人以下である。",非結核性抗酸菌症は人から人に感染する。,非結核性抗酸菌症は難治性である。,4,
臨床医学各論,33,COPDについて最も適切なのはどれか。,受動喫煙は関与しない。,肺癌の合併に注意する。,安静時の呼吸困難が特徴である。,禁煙で呼吸機能は改善する。,2,
臨床医学各論,33,気管支喘息について正しいのはどれか。,Ⅱ型アレルギーである。,拘束性換気障害をきたす。,発作は夜間や明け方に多い。,気管支拡張薬が治療の中心である。,3,
臨床医学各論,33,アナフィラキシーを最も起こしやすい疾患はどれか。,血清病,食物アレルギー,アレルギー性鼻炎,アレルギー性接触性皮膚炎,2,
臨床医学各論,33,胃食道逆流症について正しいのはどれか。,食道下部縦走筋は緊張する。,食道内圧は上昇する。,食道下部扁平上皮は円柱上皮化する。,体重増加によって症状は改善する。,3,
臨床医学各論,33,アルツハイマー病の初期にみられるのはどれか。,幻　視,記憶障害,てんかん発作,反社会的行動,2,
臨床医学各論,33,炎症性腸疾患について正しいのはどれか。,クローン病は大腸に限局する。,潰瘍性大腸炎は非連続性病変を示す。,食生活の欧米化により患者数が増加した。,赤沈は病勢を反映しない。,3,
臨床医学各論,33,膵癌について正しいのはどれか。,CA19-9は特異度が高い。,アミラーゼ値は病態を反映する。,放射線検査で確定診断ができる。,早期に発見されやすい。,1,
臨床医学各論,33,内分泌疾患と症状の組合せで正しいのはどれか。,アジソン病　---　色素沈着,バセドウ病　---　テタニー,クッシング病　---　眼球突出,原発性アルドステロン症　---　満月様顔貌,1,
臨床医学各論,33,小児で体幹前屈時に肋骨隆起を認めた場合、疑う疾患はどれか。,側弯症,肺腫瘍,鳩　胸,肋骨骨折,1,
臨床医学各論,33,発育性股関節形成不全について誤っているのはどれか。,男児に多い。,分娩時の胎位異常で発生率が高い。,家族内発生がみられる。,治療は装具療法が主体となる。,1,
臨床医学各論,33,変形性関節症の単純エックス線所見で誤っているのはどれか。,荷重部軟骨下骨の硬化,関節裂隙の拡大,骨棘形成,骨嚢胞形成,2,
臨床医学各論,33,前立腺肥大の初期症状はどれか。,血　尿,尿失禁,夜間頻尿,排尿時痛,3,
臨床医学各論,33,鉄欠乏性貧血の患者によくみられるのはどれか。,爪の変形,白　髪,知覚鈍麻,味覚低下,1,
臨床医学各論,33,特発性血小板減少性紫斑病について最も適切なのはどれか。,筋肉内に血腫を生じるのが特徴である。,血管に対する自己抗体によって発症する。,女性よりも男性に多い。,ヘリコバクター・ピロリ除菌療法が有効である。,4,
臨床医学各論,33,病初期から人格障害がよくみられるのはどれか。,脳血管性認知症,前頭側頭型認知症,アルツハイマー病,レビー小体型認知症,2,
臨床医学各論,33,パーキンソン病でよくみられるのはどれか。,下　痢,発汗低下,唾液減少,起立性低血圧,4,
臨床医学各論,33,筋萎縮性側索硬化症でよくみられるのはどれか。,膀胱直腸障害,眼球運動障害,嚥下障害,褥　瘡,3,
臨床医学各論,33,"「17歳の男子。バイク走行中に転倒し救急搬送。ヘルメットの右外側に傷があり、右肩に外傷がある。右上肢は自動運動不能で知覚異常を認めた。意識は鮮明、独歩可能、脳神経に異常はない。」
診断に有用性が最も低いのはどれか。",CT検査,MRI検査,筋電図検査,超音波検査,4,
臨床医学各論,33,"「17歳の男子。バイク走行中に転倒し救急搬送。ヘルメットの右外側に傷があり、右肩に外傷がある。右上肢は自動運動不能で知覚異常を認めた。意識は鮮明、独歩可能、脳神経に異常はない。」
身体所見では肘の屈曲・手関節の背屈が不能で、手指の屈曲もできない。上肢の骨折や関節の脱臼はない。損傷部位はどれか。",側頸部,腋窩部,上腕部,肘　部,1,
臨床医学各論,33,"「30歳の男性。右手小指のしびれを主訴に受診。手関節の可動域制限はないが、右肘関節の屈曲可動域は120度であった。幼少期に右肘関節骨折の治療歴がある。」
身体所見上認められるのはどれか。",肘関節屈筋力低下,外反肘,下垂手,猿　手,2,
臨床医学各論,33,"「30歳の男性。右手小指のしびれを主訴に受診。手関節の可動域制限はないが、右肘関節の屈曲可動域は120度であった。幼少期に右肘関節骨折の治療歴がある。」
障害神経はどれか。",筋皮神経,橈骨神経,正中神経,尺骨神経,4,
臨床医学各論,33,"「78歳の肥満女性。以前から腰痛があった。3日前から左膝内側の痛みが出現。市販の外用薬を使用して様子をみていたが、歩行時痛が増強してきたため来院した。」
診断に有用性が最も低いのはどれか。",間欠跛行の聴取,膝蓋跳動,スパーリングテスト,下肢伸展挙上テスト,3,
臨床医学各論,33,"「78歳の肥満女性。以前から腰痛があった。3日前から左膝内側の痛みが出現。市販の外用薬を使用して様子をみていたが、歩行時痛が増強してきたため来院した。」
運動療法で適切でないのはどれか。",水中ウォーキング,体幹筋訓練,大腿四頭筋訓練,長距離歩行,4,
臨床医学各論,33,"「55歳の男性。夕食にしめさばを食べて就寝したところ1時間半後に強い心窩部痛で覚醒し、救急搬送された。下痢は認めなかった。」
本疾患の発症について正しいのはどれか。",イカの生食では発症しない。,一度発症したら二度と罹患しない。,食材の－20℃、48時間冷凍で予防できる。,細菌感染症である。,3,
臨床医学各論,33,"「55歳の男性。夕食にしめさばを食べて就寝したところ1時間半後に強い心窩部痛で覚醒し、救急搬送された。下痢は認めなかった。」
本疾患について正しいのはどれか。",胃内視鏡検査を行う。,アナフィラキシーは発症しない。,胃潰瘍を認める。,抗菌薬投与が有効である。,1,
臨床医学各論,34,帯状疱疹について正しいのはどれか。,5類感染症である。,ウイルスの初回感染で起こる。,ワクチンによって予防が可能である。,左右対称性に出現する。,3,
臨床医学各論,34,パニック障害について正しいのはどれか。,発作は場所や時間に関係なく突然起こる。,発作時の呼吸困難には酸素投与を行う。,発作の胸痛は数時間続く。,薬物療法は無効である。,1,
臨床医学各論,34,脳性麻痺につてい正しいのはどれか。,脳の進行性病変に基づく障害である。,病型は失調型が最も多い。,精神発達遅滞と麻痺の程度は無関係である。,ボツリヌス毒素治療は適応とはならない。,3,
臨床医学各論,34,小児の気管支喘息について正しいのはどれか。,非アトピー型喘息が多い。,発作時には呼気の延長がみられる。,発作時には水分摂取を制限する。,思春期までに寛解するのはまれである。,2,
臨床医学各論,34,膵癌の危険因子はどれか。,胃　癌,糖尿病,腎不全,関節リウマチ,2,
臨床医学各論,34,アルコール性肝障害について誤っているのはどれか。,治療の基本は禁酒である。,肝生検は診断に有用である。,飲酒量が同量の場合、男性の方が発症しやすい。,γーGTが高値である。,3,
臨床医学各論,34,乳癌について正しいのはどれか。,男性には発症しない。,主な症状は乳房のしこりである。,頸部リンパ節に転移しやすい。,エストロゲン補充療法を行う。,2,
臨床医学各論,34,心房細動について最も適切なのはどれか。,脳梗塞の原因となる。,原因に甲状腺機能低下症がある。,好発年齢は40歳代である。,薬物療法は無効である。,1,
臨床医学各論,34,冠攣縮性狭心症について正しいのはどれか。,夜間から早朝にかけての発症が多い。,血栓により冠動脈が狭窄して起こる。,運動負荷心電図でST低下がみられる。,ニトログリセリンの効果が乏しい。,1,
臨床医学各論,34,二次性ネフローゼ症候群の原因となる疾患で最も適切なのはどれか。,膜性腎症,糖尿病性腎症,巣状分節性糸球体硬化症,膜性増植性糸球体腎炎,2,
臨床医学各論,34,高血圧症について最も適切なのはどれか。,常習的飲酒は血圧低下を生じる。,運動は危険因子である。,収縮期血圧の治療目標は140mgHg以下である。,安静時血圧に基づいて薬物療法を行う。,4,
臨床医学各論,34,糖尿病による微小血管障害はどれか。,脳梗塞,心筋梗塞,慢性腎臓病,下肢閉塞性動脈疾患,3,
臨床医学各論,34,手根管症候群の原因とならないのはどれか。,肥　満,妊　娠,貧　血,人工透析,3,
臨床医学各論,34,褐色細胞腫で減少・低下するのはどれか。,血　圧,体　重,発　汗,脈　拍,2,
臨床医学各論,34,スポーツ外傷・障害と罹患部位の組合せで正しいのはどれか。,オスグッド病　---　大腿骨外側顆,ジャンパー膝　---　脛骨遠位端,マレット指　---　中節骨近位端,野球肘(外側型)　---　上腕骨小頭,4,
臨床医学各論,34,真菌性肺炎はどれか。,レジオネラ肺炎,マイコプラズマ肺炎,クラミジア肺炎,ニューモシスチス肺炎,4,
臨床医学各論,34,前立腺肥大症について最も適切なのはどれか。,PSA値が極めて高値となる。,直腸指診で石のように硬い前立腺を触知する。,夜間頻尿がみられる。,ホルモン補充療法が有効である。,3,
臨床医学各論,34,変形性関節症の一般的な治療法として適切でないのはどれか。,ギプス固定,人工股関節全置換術,生活指導,薬物療法,1,
臨床医学各論,34,血友病について正しいのはどれか。,男児よりも女児に多い。,X連鎖性潜性遺伝遺伝する。,血液凝固第Ⅶ因子の欠乏に起因する。,皮膚表面の紫斑が主症状である。,2,
臨床医学各論,34,痛風について正しいのはどれか。,胆石を合併しやすい。,手関節の腫脹が特徴的所見である。,非飲酒者でも発症する。,尿酸結晶が末梢神経に沈着して痛みを生じる。,3,
臨床医学各論,34,一過性脳虚血発作について正しいのはどれか。,脳卒中の一つである。,発作は24時間以内に消失する。,MRI検査で急性梗塞巣を認める。,薬物療法は不要である。,2,
臨床医学各論,34,レビー小体型認知症に最も特徴的なのはどれか。,近所の散歩中に迷子になる。,現実味のある幻視がみえる。,物を盗られたという妄想がある。,自動販売機での切符購入が困難になる。,2,
臨床医学各論,34,"「17歳の女子バレーボール選手。スパイクの練習量が多くなり、左下腿中央部の痛みと腫脹を自覚。近医で、左脛骨中央に著名な圧痛とエックス線側面像で骨皮質の肥厚を認めた。体温は正常。、安静時および夜間の痛みはない。」
疾患として最も考えられるのはどれか。",類骨骨腫,疲労骨折,化膿性骨髄炎,シンスプリント,2,
臨床医学各論,34,"「17歳の女子バレーボール選手。スパイクの練習量が多くなり、左下腿中央部の痛みと腫脹を自覚。近医で、左脛骨中央に著名な圧痛とエックス線側面像で骨皮質の肥厚を認めた。体温は正常。、安静時および夜間の痛みはない。」
最も適切な対応はどれか。",抗菌薬の投与,骨腫瘍部の切除,下腿筋群のストレッチング,スパイク動作の中止,4,
臨床医学各論,34,"「66歳の男性。右前頭葉に脳出血を発症し保存療法中。身体麻痺は認められず、排泄動作は自立しているが、トイレに行くこと自体を忘れて失禁することがある。」
高次機能障害として最も考えられるのはどれか。",半側空間無視,遂行機能障害,身体失認,観念執行,2,
臨床医学各論,34,"「66歳の男性。右前頭葉に脳出血を発症し保存療法中。身体麻痺は認められず、排泄動作は自立しているが、トイレに行くこと自体を忘れて失禁することがある。」
家族が患者に行う対応として最も適切なのはどれか。",本人の自主性を尊重して見守る。,繰り返し口頭で指示する。,手順を見える形で示して一緒に確認する。,刺激を与えるため毎日予定を変える。,3,
臨床医学各論,34,"「58歳の女性。6日前から右肩のこり感があった。昨日から右肩甲骨内側の痛みと右前腕橈側にから母指・示指のしびれが出現した。右上肢の挙上障害はなく、衣服のボタンかけにも異常はない。下肢に症状はない。」
神経学的所見で正しいのはどれか。",ワルテンベルグ反射陽性,指鼻試験陽性,バレー徴候陽性,腕橈骨筋反射腱反射減弱,4,
臨床医学各論,34,"「58歳の女性。6日前から右肩のこり感があった。昨日から右肩甲骨内側の痛みと右前腕橈側にから母指・示指のしびれが出現した。右上肢の挙上障害はなく、衣服のボタンかけにも異常はない。下肢に症状はない。」
本患者の筋力評価で最も適切なのはどれか。",右三角筋MMT2,右上腕二頭筋MMT2,右手関節背屈力低下,右小指外転筋力低下,4,
臨床医学各論,34,"「38歳の女性。身長160㎝、体重55㎏、胸囲88㎝。毎年マンモグラフィを受けており、6か月前の検診でも異常を指摘されなかった。入浴時、左乳房に雀卵大のしこりがあることに気付いた。」
最初に行うべき検査で最も適切なのはどれか。",マンモグラフィ,超音波検査,性ホルモン量測定,腫瘍マーカー測定,2,
臨床医学各論,34,"「38歳の女性。身長160㎝、体重55㎏、胸囲88㎝。毎年マンモグラフィを受けており、6か月前の検診でも異常を指摘されなかった。入浴時、左乳房に雀卵大のしこりがあることに気付いた。」
診断確定のために行う検査はどれか。",病理組織検査,CT検査,PET検査,MRI検査,1,
リハビリテーション医学,25,社会的リハビリテーションに含まれる内容はどれか。,公共施設のバリアフリー,療育,保護雇用,廃用症候群の予防,1,
リハビリテーション医学,25,リハビリテーションチームを構成するメンバーで義肢装具の処方を行う職種はどれか。,義肢装具士,理学療法士,看護師,医師,4,
リハビリテーション医学,25,中殿筋のMMTについて正しい組合わせはどれか。,MMT3 ――― 中等度の抵抗に抗して股関節外転を保持できる。,MMT4 ――― 高度の抵抗に抗して股関節外転を保持できる。,MMT2 ――― 重力に抗して股関節外転を保持できる。,MMT1 ――― 中殿筋に筋収縮がみられる。,4,
リハビリテーション医学,25,車いすのタイプで、起立性低血圧発作のある場合に用いるのはどれか。,スタンダードタイプ,スポーツタイプ,トラベラータイプ,リクライニングタイプ,4,
リハビリテーション医学,25,一生続く姿勢反射はどれか。,パラシュート反射,モロー反射,自動歩行,非対称性緊張性頸反射,1,
リハビリテーション医学,25,右大脳半球の脳卒中でよくみられるのはどれか。,右片麻痺,球麻痺,左半側空間無視,失語症,3,
リハビリテーション医学,25,体内力源式上腕義手について正しいのはどれか。,力源は患側の肩の力を利用する。,ケーブルによって力が伝達される。,手先具を動かす場合は肘継ぎ手の固定を解除する。,操作の練習は主に理学療法士によって行われる。,2,
リハビリテーション医学,25,脳性麻痺の定義について正しいのはどれか。,進行性病変に基づく。,永続的な運動障害である。,脊髄病変も関与する。,症状は生後4週以内に発現する。,2,
リハビリテーション医学,25,心臓リハビリテーションの適応となるのはどれか。,高度な大動脈弁狭窄,急性大動脈解離,冠動脈バイパス術後,うっ血性心不全（NYHA Ⅳ度）,3,
リハビリテーション医学,25,短対立装具の適応となるのはどれか。,腋窩神経麻痺,尺骨神経麻痺,正中神経麻痺,橈骨神経麻痺,3,
リハビリテーション医学,26,股関節の関節可動域の測定について正しいのはどれか。 ,外転は側臥位で行う。 ,内転は坐位で行う。 ,屈曲は立位で行う。 ,伸展は腹臥位で行う。,4,
リハビリテーション医学,26,ADLの評価のFIMに含まれるのはどれか。 ,買い物 ,排尿管理 ,調理 ,ジョギング,2,
リハビリテーション医学,26,筋萎縮性側索硬化症患者における人工呼吸器装着後のリハビリテーションで適切なのはどれか。 ,歩行訓練 ,更衣訓練 ,排痰訓練 ,起き上がり訓練 ,3,
リハビリテーション医学,26,ICFの｢活動｣に該当するのはどれか。 ,復学 ,家屋改修 ,障害年金受給 ,義足作製,4,
リハビリテーション医学,26,腰痛体操はどれか。 ,フレンケル体操 ,クラップ体操 ,マッケンジー体操 ,バージャー体操,3,
リハビリテーション医学,26,脊髄損傷において、肘の伸展によるプッシュアップが可能となる脊髄節残存高位はどれか。 ,C4 ,C5 ,C6 ,C7 ,4,
リハビリテーション医学,26,疾患と装具の組合せで誤っているのはどれか。 ,変形性膝関節症―――――足底装具 ,腰椎椎間板へルニア―――軟性コルセット ,脳梗塞―――――――――短下肢装具 ,総腓骨神経麻痺―――――長下肢装具,4,
リハビリテーション医学,26,医学的リハビリテーションで、在宅復帰への対応として積極的に推し進めるべきことはどれか。 ,廃用症候群の予防 ,障害受容への援助 ,職業訓練 ,麻痺の改善 ,2,
リハビリテーション医学,26,サルコペニアで必ず減少するのはどれか。 ,骨密度 ,骨格筋量 ,循環血流量 ,脂肪量,2,
リハビリテーション医学,26,ステージⅠの関節リウマチの非活動期に行うリハビリテーションで最も適切なのはどれか。 ,関節の安静 ,軽い自動運動 ,コッドマン体操 ,筋力強化訓練 ,4,
リハビリテーション医学,27,障害モデルとして用いられているのはどれか。,ADL,ICF,MMT,QOL,2,
リハビリテーション医学,27,FIM に含まれる運動項目はどれか。,食　事,調　理,洗　濯,買い物,1,
リハビリテーション医学,27,呼吸補助筋はどれか。,三角筋,大菱形筋,頭板状筋,胸鎖乳突筋,4,
リハビリテーション医学,27,球麻痺の原因となる病巣はどれか。,延　髄,海　馬,前頭葉,小脳半球,1,
リハビリテーション医学,27,C7 完全麻痺の脊髄損傷者が目標とする ADL として正しいのはどれか。,人工呼吸器からの離脱,BFO による食事動作の自立,車椅子駆動の自立,歩行の獲得,3,
リハビリテーション医学,27,血管障害による下腿切断について正しいのはどれか。,早期からの断端圧迫は禁忌である。,非切断側の血流障害を評価する必要はない。,切断直後に幻肢痛を生じる。,糖尿病性足部壊疽は原因となる。,4,
リハビリテーション医学,27,痙性麻痺がある脳性麻痺患者に対してよく行われる治療はどれか。,向精神薬投与,頸椎除圧固定術,ボツリヌス療法,人工膝関節置換術,3,
リハビリテーション医学,27,心臓リハビリテーションにおける運動負荷試験の中止基準として正しいのはどれか。,疲　労,息切れ,筋肉痛,チアノーゼ,4,
リハビリテーション医学,27,変形性膝関節症に対する運動療法で最も適切なのはどれか。,階段昇降,水中歩行,ジョギング,自転車エルゴメーター,2,
リハビリテーション医学,27,パーキンソン病の歩行障害に対する訓練で最も有効なのはどれか。,つぎ足歩行訓練,松葉杖を用いた歩行訓練,両長下肢装具を用いた歩行訓練,メトロノームによるリズム歩行訓練,4,
リハビリテーション医学,28,脳卒中の急性期リハビリテーションについて正しいのはどれか。,神経症状の増悪がある場合には動作を伴う訓練は行わない。,起立性低血圧に対する配慮は必要ない。,歩行訓練で長下肢装具を用いることはない。,ベッド上でのポジショニングは必要ない。,1,
リハビリテーション医学,28,徒手筋力テストで正しいのはどれか。,MMT1では筋収縮が全く認められない。,MMT2では筋収縮はみられるが関節運動は起こらない。,MMT3では抵抗を加えなければ重力に抗して正常可動域いっぱいに動く。,MMT4は筋力正常である。,3,
リハビリテーション医学,28,回復期リハビリテーション病棟で作業療法としてよく行われるのはどれか。,歩行訓練,巧緻動作訓練,嚥下訓練,立ち上がり動作訓練,2,
リハビリテーション医学,28,正常歩行のサイクルで正しいのはどれか。,立脚中期に全足接地をする。,二重支持期は40％である。,立脚相で膝関節は１回屈曲する。,遊脚相が立脚相より時間が長い。,1,
リハビリテーション医学,28,脳卒中片麻痺患者の動作について正しいのはどれか。,衣服を着るときは健側から行う。,ベットでの起き上がりは患側を下にする。,歩行時には杖を健側で持つ。,階段は患側から上がる。,3,
リハビリテーション医学,28,脊髄損傷の損傷レベルとkey muscle（主たる残存筋）の組合せで正しいのはどれか。,C5　---　上腕三頭筋,C8　---　深指屈筋,L3　---　腸腰筋,L4　---　下腿三頭筋,2,
リハビリテーション医学,28,前腕義手のうち能動義手の特徴はどれか。,装飾が主な目的である。,ケーブルでフックを開閉する。,モーターで動作をコントロールする。,四辺形ソケットを用いる。,2,
リハビリテーション医学,28,脳性麻痺について正しいのはどれか。,早期診断は容易である。,診断が確定してから介入する。,運動発達は自然に任せる。,家族への保育指導を行う。,4,
リハビリテーション医学,28,呼吸理学療法と目的の組合せで正しいのはどれか。,腹式呼吸訓練　---　一回換気量増大,胸郭モビライゼーション　---　虚脱した気道の拡張,体位ドレナージ　---　吸気機能強化,口すぼめ呼吸　---　咳嗽機能強化,1,
リハビリテーション医学,28,大腿骨頸部骨折について正しいのはどれか。,交通事故による受傷が最も多い。,寝たきりの原因となることが多い。,安静期間をおいて手術を行うことが推奨される。,術後8週以降で荷重訓練を開始することが多い。,2,
リハビリテーション医学,29,介護保険制度による在宅ケアはどれか。,共同生活援助,就労移行支援,地域定着支援,通所リハビリテーション,4,
リハビリテーション医学,29,回復期リハビリテーションの内容として最も適切なのはどれか。,就労支援,歩行能力の向上,人工呼吸器の離脱,意識障害の覚醒促進,2,
リハビリテーション医学,29,原発性サルコペニアの発症要因はどれか。,廃用性萎縮,加　齢,低栄養,悪性腫瘍,2,
リハビリテーション医学,29,失語症の分類で、自分の考えていることを言語でうまく表現できず、発語が非流暢的で、復唱も障害されるのはどれか。,全失語,運動性失語,感覚性失語,伝導失語,2,
リハビリテーション医学,29,正常歩行時に若年者より高齢者で増加するのはどれか。,歩　幅,速　度,前傾姿勢,骨盤回旋,3,
リハビリテーション医学,29,脳血管障害における摂食嚥下障害について正しいのはどれか。,意識障害があっても経口摂取は継続する。,時間経過で回復することはない。,口腔ケアは誤嚥性肺炎の予防に有効である。,むせなければ誤嚥は否定できる。,3,
リハビリテーション医学,29,Ｃ６損傷完全麻痺の脊髄損傷患者が目標とするADLとして正しいのはどれか。,人工呼吸器からの離脱,環境制御装置の利用,移乗動作の自立,坂道での車椅子駆動の自立,3,
リハビリテーション医学,29,脳性麻痺について正しいのはどれか。,自閉症を合併することが多い。,原因に進行性の疾患が含まれる。,生下時より骨変形をきたしている。,麻痺が進行することはない。,4,
リハビリテーション医学,29,COPDの呼吸筋トレーニングはどれか。,水の入ったビンを吹く。,リラクゼーションを行う。,スクイージングを行う。,エルゴメーターで訓練を行う。,1,
リハビリテーション医学,29,骨折に注意してリハビリテーションを行う必要のある疾患はどれか。,腰椎椎間板ヘルニア,腰部脊柱管狭窄症,転移性脊椎腫瘍,筋筋膜性腰痛,3,
リハビリテーション医学,29,関節リウマチに特徴的なのはどれか。,環軸関節亜脱臼,下垂手,反跳膝,内反尖足,1,
リハビリテーション医学,29,パーキンソン病患者の理学療法でメトロノームを用いて改善が期待されるのはどれか。,小刻み歩行,構音障害,書字障害,振　戦,1,
リハビリテーション医学,30,社会的リハビリテーションに該当するのはどれか。,職業訓練,特別支援教育,二次的合併症の予防,施設入所支援,4,
リハビリテーション医学,30,リハビリテーション医療チームのうち、退院後在宅での施設利用を調節する職種はどれか。,看護師,作業療法士,義肢装具士,医療ソーシャルワーカー,4,
リハビリテーション医学,30,疾患と異常歩行の組合せで正しいのはどれか。,腰部脊柱管狭窄症　---　間欠歩行,脊髄小脳変性症　----　分回し歩行,パーキンソン病　-----　酩酊歩行,脳卒中片麻痺　-----　小刻み歩行,1,
リハビリテーション医学,30,手関節背屈装具の適応となるのはどれか。,正中神経麻痺,橈骨神経麻痺,筋皮神経麻痺,尺骨神経麻痺,2,
リハビリテーション医学,30,スプーンを持ってスープを口に運ぶ際、前腕と手関節の運動方向の組合せで最も適切なのはどれか。,前腕回外　---　手関節屈曲,前腕回外　---　手関節伸展,前腕回内　---　手関節屈曲,前腕回内　---　手関節伸展,1,
リハビリテーション医学,30,脳卒中片麻痺患者の生活期に最も多く使用されている装具はどれか。,長下肢装具,短下肢装具,膝関節装具,体幹装具,2,
リハビリテーション医学,30,脊髄損傷患者に生じる自律神経過反射について正しいのはどれか。,腰椎損傷患者に見られる。,頻脈を生じる。,便秘が原因となる。,血圧上昇にはまずl降圧薬を投与する。,3,
リハビリテーション医学,30,下腿義肢のうち膝蓋靭帯で体重を支持し、懸垂をカフベルトで行うのはどれか。,在来式,KBM式,PTB式,ライナー式,3,
リハビリテーション医学,30,脳性麻痺について正しいのはどれか。,脳の病変は進行性である。,成長に応じた療育が必要である。,病型ではアテトーゼ型が最も多い。,出生時の一過性の運動障害も含まれる。,2,
リハビリテーション医学,30,ヒュー・ジョーンズの分類で「息切れのために外出ができない」のはどれか。,Ⅰ度,Ⅱ度,Ⅳ度,Ⅴ度,4,
リハビリテーション医学,30,変形性膝関節症に対するリハビリテーションで最も適切なのはどれか。,下肢等尺性筋力訓練,階段昇降訓練,自助具の使用,寒冷療法,1,
リハビリテーション医学,30,パーキンソン病の症状で正しいのはどれか。,下垂足,前傾前屈姿勢,大殿筋歩行,ミオクロ二ー発作,2,
リハビリテーション医学,30,"次の文で示す症例について、問題83、問題84の問いに答えよ。
「65歳の男性。左片麻痺と意識障害を生じた。頭部CT検査において右被殻出血と診断され、保存的治療を受けた。リハビリテーションの評価において視覚の見落としが顕著であった。」
本患者の高次機能障害はどれか。",失　行,注意障害,記憶障害,遂行御機能障害,2,
リハビリテーション医学,30,"次の文で示す症例について、問題83、問題84の問いに答えよ。
「65歳の男性。左片麻痺と意識障害を生じた。頭部CT検査において右被殻出血と診断され、保存的治療を受けた。リハビリテーションの評価において視覚の見落としが顕著であった。」
適切な対応はどれか。",メモをとるように勧める。,周囲の人が動作を促す。,段差に気をつけるように指導する。,同時に複数の課題をさせない。,3,
リハビリテーション医学,31,リハビリテーションに重点が置かれている施設はどれか。,ケアハウス,グループホーム,介護老人保健施設,特別養護老人ホーム,3,
リハビリテーション医学,31,回復期リハビリテーション病棟で医療チームの主な構成メンバーとなるのはどれか。,保健師,ケアマネジャー,柔道整復師,医療ソーシャルワーカー,4,
リハビリテーション医学,31,FIM の運動項目のうちセルフケアに該当するのはどれか。,整　容,排便管理,書字障害,料　理,1,
リハビリテーション医学,31,リハビリテーション治療に携わる職種と内容の組合せで正しいのはどれか。,理学療法士　---　嚥下訓練,作業療法士　---　利き手交換,義肢装具士　---　義足での歩行訓練,看護師　-----　食事用自助具の作成,2,
リハビリテーション医学,31,肩関節の回旋運動について正しいのはどれか。,大胸筋は外旋に働く。,小円筋は内旋に働く。,肩甲下筋は内旋に働く。,棘下筋は内旋に働く,3,
リハビリテーション医学,31,脳卒中に対するブルンストロームステージで「共同運動がわずかに出現し、痙縮が出始める段階」はどれか。,ステージⅠ,ステージⅡ,ステージⅢ,ステージⅣ,2,
リハビリテーション医学,31,第５頸髄残存の頸髄損傷患者に可能な動作はどれか。,肩関節外転,肘関節伸展,手関節背屈,手指屈曲,1,
リハビリテーション医学,31,幻肢について正しいのはどれか。,幻肢痛は心理的な要因も関連している。,幻肢痛消炎鎮痛剤の投与で改善する。,幻肢は時間経過とともにその範囲が広がる。,幻肢の頻度は上肢切断に比べて下肢切断で高い。,1,
リハビリテーション医学,31,痙直型脳性麻痺患児の特徴的な下肢変形はどれか。,股関節外転,股関節伸展,足関節底屈,足関節背屈,3,
リハビリテーション医学,31,疾患と換気障害の組合せで正しいのはどれか。,気管支喘息　------　拘束性換気障害,肺線維症　-------　拘束性換気障害,高位頸髄損傷　----　閉塞性換気障害,筋ジストロフィー　---　閉塞性換気障害,2,
リハビリテーション医学,31,関節リウマチによる関節変形の組合せで正しいのはどれか。,手関節　----　背側脱臼,膝　---　反張膝,足　部　-------　内反足,頸　椎　-------　環軸関節亜脱臼,4,
リハビリテーション医学,31,パーキンソン病において、立ち直り反射の障害やバランスの不安定性がある重症度でのリハビリテーション治療で最も適切なのはどれか。,呼吸訓練,線またぎ訓練,体位変換,自助具の導入,2,
リハビリテーション医学,31,"「68歳の女性。右利き。右片麻痩を生じた病院に救急搬送された。MIR検査で左中大脳動脈領域の脳梗塞と診断され、保存的治療を受けた。」
本疾患の症状でもっとも見られるのはどれか。",失調症,失語症,半側空間無視,注意障害,2,
リハビリテーション医学,31,"「68歳の女性。右利き。右片麻痩を生じた病院に救急搬送された。MIR検査で左中大脳動脈領域の脳梗塞と診断され、保存的治療を受けた。」
重度の片麻痺が続いた場合に行う、ADL訓練として最も適切なのはどれか。",箸を使った食事動作,両上肢での更衣,両手での洗顔,利き手交換,4,
リハビリテーション医学,32,介護保険によるサービスはどれか。,生活介護,自立訓練,就労移行支援,通所リハビリテーション,4,
リハビリテーション医学,32,急性期リハビリテーションチームで社会保険制度の利用調整を行うのはどれか。,保健師,理学療法士,ケアマネジャー,医療ソーシャルワーカー,4,
リハビリテーション医学,32,上肢のブルンストロームステージで「十分な共同運動が出現し、関節運動を伴う屈筋共同運動が出現する」のはどれか。,ステージⅠ,ステージⅡ,ステージⅢ,ステージⅣ,3,
リハビリテーション医学,32,嚥下障害患者に対して直接嚥下訓練を行う職種はどれか。,理学療法士,作業療法士,言語聴覚士,義肢装具士,3,
リハビリテーション医学,32,正常歩行について正しいのはどれか。,1サイクルは1歩に相当する。,遊脚期は立脚期より時間が長い。,二重支持期が0になると走行になる。,歩行速度が遅いほど消費エネルギーが少ない。,3,
リハビリテーション医学,32,痙縮が出現するのはどれか。,ギラン・バレー症候群,被殻出血,腕神経叢麻痺,多発性筋炎,2,
リハビリテーション医学,32,脊髄損傷で下肢に比べて上肢の障害が重度なのはどれか。,横断型頸髄損傷,中心性頸髄損傷,前脊髄動脈症候群,ブラウンセカール症候群,2,
リハビリテーション医学,32,下肢切断で断端包帯を用いた管理の目的として正しいのはどれか。,浮腫の予防,創部痛の軽減,患側の筋力強化,創部感染の予防,1,
リハビリテーション医学,32,脳性麻痺について正しいのはどれか。,永続的な運動障害である。,最も多い病型はアテトーゼ型である。,アテトーゼ型では精神発達遅滞を合併することが多い。,受胎から生後1年間までに生じた脳病変を原因とする。,1,
リハビリテーション医学,32,心臓リハビリテーションにおける運動療法の禁忌はどれか。,NYHA心機能分類Ⅰ度,冠状動脈バイパス術後,末梢動脈閉塞性疾患,不安定狭心症,4,
リハビリテーション医学,32,関節リウマチによる変形で最も適切なのはどれか。,反跳膝,翼状肩甲,環軸椎亜脱臼,内反尖足,3,
リハビリテーション医学,32,胸郭出口症候群に最も関与するのはどれか。,胸　骨,大胸筋,第1肋骨,胸鎖乳突筋,3,
リハビリテーション医学,33,ICFの「活動」に該当するのはどれか。,呼吸機能,利き手交換,復　職,家屋改造,2,
リハビリテーション医学,33,脊髄損傷患者に生じる自律神経過反射について正しいのはどれか。,血圧上昇にはまず降圧薬を投与する。,腰髄損傷患者にみられる。,脳内出血を合併することはない。,難治性便秘が誘引となる。,4,
リハビリテーション医学,33,心臓リハビリテーションの適応となるのはどれか。,不安定狭心症,急性心筋炎,急性大動脈解離,心不全,4,
リハビリテーション医学,33,摂食嚥下機能について正しいのはどれか。,先行期では食物を認識する。,口腔期では食物を咀嚼し食塊を形成する。,咽頭期では食物が咽頭へ送り込まれる。,食道期では食物が食道へ送り込まれる。,1,
リハビリテーション医学,33,大腿骨頸部骨折に対する人工骨頭置換術後のリハビリテーションで、最も適切なのはどれか。,術直後から患側下肢の抵抗運動を開始する。,術後疼痛緩和のために極長短波療法を行う。,患側股関節の回旋運動を行う。,術後早期から荷重訓練を開始する。,4,
リハビリテーション医学,33,改訂日本版フレイル基準に含まれる項目はどれか。,骨密度低下,聴力低下,認知機能低下,筋力低下,4,
リハビリテーション医学,33,脳性麻痺の病型で最も多いのはどれか。,アテトーゼ型,痙直型,失調型,混合型,2,
リハビリテーション医学,33,パーキンソン病におけるホーン・ヤールの重症度分類において、「姿勢反射障害を認めるが日常生活に介助は不要な状態」はどれか。,ステージⅠ,ステージⅡ,ステージⅢ,ステージⅣ,3,
リハビリテーション医学,33,膝関節伸展の徒手筋力テストで、被検者を側臥位にして評価するのはどれか。,MMT1,MMT2,MMT3,MMT4,2,
リハビリテーション医学,33,成人の正常立位姿勢での重心は、重心線の下から何％の位置にあるか。,約35％,約45％,約55％,約65％,3,
リハビリテーション医学,33,関節リウマチによる関節変形で最も適切なのはどれか。,MP関節の尺側偏位,O　脚,凹　足,翼状肩甲,1,
リハビリテーション医学,33,社会的リハビリテーションに含まれる内容はどれか。,家族への介護指導,職場環境の整備,個別の理学療法,管理栄養士による栄養管理,1,
リハビリテーション医学,34,痙縮について正しいのはどれか。,パーキンソン病に特有の症状である。,歯車現象を生じる。,上位運動ニューロン障害によって生じる。,関節可動域の拡大が特徴である。,3,
リハビリテーション医学,34,二分脊椎について正しいのはどれか。,先天的に発症する脊髄疾患である。,水頭症を合併することはない。,病変が高位になるほど障害は軽度となる。,皮膚病変を合併することはない。,1,
リハビリテーション医学,34,改訂日本版フレイル基準に含まれる項目はどれか。,骨量減少,視力低下,体重減少,認知機能低下,3,
リハビリテーション医学,34,職種と主な業務内容の組合せで正しいのはどれか。,管理栄養士　-----　嚥下訓練,義肢装具士　-----　装具処方,作業療法士　-----　自助具作製,ケアマネジャー　-----　入浴介助,3,
リハビリテーション医学,34,異常歩行と原因疾患の組合せで正しいのはどれか。,はさみ脚歩行　-----　進行性筋ジストロフィー,分回し歩行　-----　脊髄小脳変性症,突進歩行　-----　パーキンソン病,トレンデレンブルグ歩行　-----　脳性麻痺,3,
リハビリテーション医学,34,下肢切断後の幻肢痛で正しいのはどれか。,小児では出現しにくい。,断端創の治癒により消失する。,鎮痛薬の効果が得られやすい。,疼痛が軽減してから義足を使用する。,1,
リハビリテーション医学,34,関節リウマチにみられる最も特徴的な症状はどれか。,内反尖足,非対称性の関節腫脹,O　脚,環軸関節亜脱臼,4,
リハビリテーション医学,34,身体障害者福祉法に定められた身体障害でないのはどれか。,肢体不自由,視覚障害,発達障害,音声機能の障害,3,
リハビリテーション医学,34,作業療法で主に用いる補装具はどれか。,義　手,義　足,体幹装具,下肢装具,1,
リハビリテーション医学,34,高齢者の外傷性脊髄損傷の受傷原因として最も多いのはどれか。,スポーツ,交通事故,労働災害,転倒・転落,4,
リハビリテーション医学,34,閉塞性換気障害を呈する疾患はどれか。,高度肥満症,気管支喘息,間質性肺炎,重症筋無力症,2,
リハビリテーション医学,34,ICF の生活機能に含まれないのはどれか。,疾　病,心身機能・身体構造,活　動,参　加,1,
東洋医学概論,25,相剋関係にある経脈の絡穴の組み合わせはどれか。,外関 ――― 通里,公孫 ――― 偏歴,蠡溝 ――― 大鍾,飛揚 ――― 内関,4,
東洋医学概論,25,五行色体で相剋関係にある組合せはどれか。,肌肉 ――― 涕,血脈 ――― 涎,皮毛 ――― 汗,筋 ―――― 唾,3,
東洋医学概論,25,三焦を通って全身に分布する気はどれか。,衛気,営気,原気,宗気,3,
東洋医学概論,25,水の上源といわれる臓腑はどれか。,膀胱,脾,肺,腎,3,
東洋医学概論,25,心下付近に結ぶ経筋はどれか。,手の三陰,足の三陰,手の三陽,足の三陽,1,
東洋医学概論,25,"次の文で示す患者の症状を引き起こす六淫はどれか。
「55歳の女性。梅雨の頃より頭や体が重く、四肢がだるくなり、関節が腫れ、下痢をするようになった。」",寒邪,暑邪,湿邪,風邪,3,
東洋医学概論,25,五労と傷られる臓が現す症状の組合せで正しいのはどれか。,久坐 ――― 呑,久視 ――― 語,久臥 ――― 欠,久立 ――― 咳,1,
東洋医学概論,25,経脈病証で前胸部、心下部、腋下部の圧迫感、下肢内側の腫れや痛みがみられるのはどれか。,少陽胆経病証,陽明胃経病証,太陰脾経病証,厥陰肝経病証,3,
東洋医学概論,25,脈診で左手関上「浮」に配当される臓腑の募穴はどれか。,石門,章門,日月,関元,3,
東洋医学概論,25,"次の文で示す患者の病証でみられる舌象はどれか。
「43歳の男性。主訴は頭痛。めまい、目赤、胸脇苦満を伴う。最近、仕事上のストレスを抱えている。」",淡白舌,青舌,紫舌,紅舌,4,
東洋医学概論,25,難経六十九難により腎虚の補法を行う選穴部位はどれか。,太渓の上方2寸で、アキレス腱と長指屈筋との間,足内側、舟状骨粗面の下方、赤白肉際,手関節前面横紋上で、橈骨動脈拍動部,上腕二頭筋腱外方の陥凹部、肘窩横紋上,1,
東洋医学概論,25,"｢31歳の女性。主訴は頭痛と肩こり。月経は不定期で月経時に頭痛が憎悪し、下腹部痛も出現する。月経血にに血塊がみられ、舌下静脈の怒張もみられる。」
本患者の痛みの特徴はどれか。",だるい感じの痛みが現れる。,冷やすと疼痛が軽減する。,痛む部位が移動する。,夜間に痛みが増悪する。,4,
東洋医学概論,25,"｢31歳の女性。主訴は頭痛と肩こり。月経は不定期で月経時に頭痛が憎悪し、下腹部痛も出現する。月経血にに血塊がみられ、舌下静脈の怒張もみられる。」
本患者の病証でみられる脈状はどれか。",ざらざらとして渋滞したような脈,弾力に富み、琴の弦を按じるような脈,絹糸のように細くて力があり、按じて左右に移る脈,浮いていて細軟の脈,1,
東洋医学概論,26,五行色体で相生関係にある組合せはどれか。 ,鈎――毛 ,蔵――生 ,志――神 ,語――呑,2,
東洋医学概論,26,「胸中の灼熱様の痛み、激しい口渇、空腹だが飲食ができない、四肢厥冷、嘔吐、下痢｡」 ,陽明病 ,太陽病 ,少陰病 ,厥陰病 ,4,
東洋医学概論,26,"次の文で示す経脈病証はどれか。
「心煩、心下痛、舌の強ばり、舌痛、鼠径部や膝の腫痛や冷え｡」 ",手の少陰経 ,足の太陰経 ,手の陽明経 ,足の太陽経 ,2,
東洋医学概論,26,下肢と体幹の両側の陰陽を調節し、下肢の陰経と陽経の協調に関与するのはどれか。,陽蹻脈 ,陽維脈 ,帯脈 ,督脈,1,
東洋医学概論,26,すべての絡脈に瘀血があるときに用いるのはどれか。 ,鳩尾 ,長強 ,大包 ,蠡溝,3,
東洋医学概論,26,体重節痛を起こした場合、治療部位として適切なのはどれか。 ,前脛骨筋腱内側の陥凹部､内果尖の前方 ,第4 ・第5中足骨間､第4中足指節関節近位の陥凹部 ,足内側、舟状骨粗面の下方、赤白肉際 ,第5中足指節関節の近位陥凹部､赤白肉際,4,
東洋医学概論,26,"次の文で示す患者の症状を引き起こす六淫で最も適切なのはどれか。
「40歳の女性。昨日、外出 後、頭痛、鼻づまり、咽喉部の痒み、眼瞼およ顔面の浮腫が発生した。顔面麻痺様の症状もある｡」 ",寒邪 ,風邪 ,湿邪 ,暑邪 ,2,
東洋医学概論,26,"次の文で示す患者の病証はどれか。
「最近、息切れと無力感があり動くと汗が出る。顔色は蒼白く、 不眠、舌質は淡嫩。脈は細弱｡」 ",気虚血瘀 ,気血両虚 ,気滞血瘀 ,気不摂血 ,2,
東洋医学概論,26,病証と病因の組合せで正しいのはどれか。 ,肝胆湿熱―――――肝血虚が胆火に波及したもの ,心火亢盛―――――心陰が亢進したもの ,脾胃湿熱―――――湿が脾胃に長く影響し化熱したもの ,腎陰虚――――――腎気虚が進行し気の温煦作用が低下したもの,3,
東洋医学概論,26,足の太陽膀胱経の病証はどれか。 ,前胸部･腹部･鼠径部の痛み､顔面の麻痺 ,前頭部･後頭部･脊柱の痛み､精神異常 ,側頭部･体幹外側･下肢外側の痛み､顔色のくすみ ,腰部･大腿･下腿内側の痛み、顔色の黒ずみ,2,
東洋医学概論,26,"次の文で示す患者の病証でみられる脈診所見はどれか。
｢52歳の男性｡主訴は腰痛｡不眠や手足のほ てりを伴う｡仕事の疲れがたまると眩暈や盗汗が起こる｡」 ",滑脈 ,弦脈 ,細脈 ,緊脈,3,
東洋医学概論,26,六部定位に配当される脈診部位と絡穴部位の組合せで正しいのはどれか。 ,右寸口―――――尺側手根屈筋腱の撓側縁、手関節掌側横紋の上方1寸 ,左関上―――――長母指外転筋腱と短母指伸筋腱の間、手関節掌側横紋の上方1寸5分 ,右関上―――――前脛骨筋の外縁、外果尖の上方8寸 ,左尺中―――――長掌筋腱と橈側手根屈筋腱の間、手関節掌側横紋の上方2寸,3,
東洋医学概論,26,肘関節に向けて刺入すると補法になる経穴の部位はどれか。 ,尺骨内縁と尺側手根屈筋の間､手関節背側横紋の上方5寸 ,長掌筋腱と撓側手根屈筋腱の間、手関節掌側横紋の上方5寸 ,肘頭と肩峰角を結ぶ線上、肘頭の上方2寸 ,肘後外側、上腕骨外側上顆の上縁、外側顆上稜の前縁,1,
東洋医学概論,27,気について正しいのはどれか。,宗気は臍下丹田に集まる。,原気は津液を血に変化させる。,衛気は臓腑を温める。,営気は呼吸を推動する。,3,
東洋医学概論,27,五行色体で相剋関係にある組合せはどれか。,酸  　　　　 鹹,面　色　―――　毛,汗　―――　涎,久　坐　―――　久　臥,2,
東洋医学概論,27,「関節がだるく痛み、頭が重くなる。」の症状を引き起こす病邪の特徴はどれか。,粘滞性,昇散性,開泄性,収引性,1,
東洋医学概論,27,臓腑と生理作用の組合せで正しいのはどれか。,小　腸 　　　 受　納,胃　―――　降　濁,大　腸　―――　化　物,胆　―――　腐　熟,2,
東洋医学概論,27,胆経の病でみられるのはどれか。,嘆　息,喘　息,噴　嚔,吃　逆,1,
東洋医学概論,27,気血を化生する臓はどれか。,肝,心,脾,腎,3,
東洋医学概論,27,"次の文で示す患者の病証で最もみられる脈状はどれか。
「45 歳の女性。主訴は膝痛。10 日前に転倒して膝を打撲した。現在も膝内側が腫れて痛み、夜間も痛む。」",滑　脈,洪　脈,濡　脈,濇　脈,4,
東洋医学概論,27,経脈病証で「顔がすすけて黒く、腰が痛く、陰囊が腫れて痛み、小便が出ない。」のはどれか。,足の厥陰経脈病証,足の少陰経脈病証,足の少陽経脈病証,足の太陽経脈病証,1,
東洋医学概論,27,舌診で気陰両虚の所見はどれか。,舌体が腫れて大きい。,舌苔が剥落している。,舌の色が青紫色である。,舌下静脈の怒張がある。,2,
東洋医学概論,27,六部定位脈診で左手尺中の沈の部が虚している場合、難経六十九難に基づく治療穴の部位はどれか。,足の第 1 指、末節骨外側、爪甲角の近位外方 1 分,足内側、第 1 中足指節関節内側の近位陥凹部、赤白肉際,膝後内側、半腱様筋腱の外縁、膝窩横紋上,下腿後内側、アキレス腱の前縁、内果尖の上方 2 寸,4,
東洋医学概論,27,大腸の病変に用いる下合穴はどれか。,陽陵泉,足三里,上巨虚,委　陽,3,
東洋医学概論,27,心火亢盛証でみられないのはどれか。,口　渇,不　眠,舌尖紅,結　脈,4,
東洋医学概論,27,"次の文で示す患者の治療方針で最も適切なのはどれか。
「27 歳の女性。月経過多に悩む。食欲不振で大便溏薄、臍部に力がなく、四肢が冷える。面色萎黄。」",胃熱を除く。,腎精を補う。,痰湿を除く。,脾気を補う。,4,
東洋医学概論,28,"次の文で示す患者の病因で最も適切なのはどれか。
「34歳の男性。1週間前に上司から販売業績が悪い事を責められた。それ以来、やる気がでない。声に力がなく、食欲もない。」",食欲不節,労　倦,湿　邪,怒,2,
東洋医学概論,28,五行色体における五脈と五病の組合せで正しいのはどれか。,弦　---　呑,代　---　咳,毛　---　語,石　---　欠,4,
東洋医学概論,28,脈中を行き、血をめぐらすのはどれか。,原　気,宗　気,営　気,衛　気,3,
東洋医学概論,28,六腑に属する奇恒の腑が、剋する腑の生理作用はどれか。,貯尿を主る。,受納を主る。,決断を主る。,昇清を主る。,2,
東洋医学概論,28,五臓と生理作用の組合せで正しいのはどれか。,肝　---　封　蔵,心　---　蔵　血,腎　---　治　節,脾　---　昇　清,4,
東洋医学概論,28,急にめまい、けいれんを起こすのはどれか。,内　風,内　寒,内　湿,内　燥,1,
東洋医学概論,28,五労で正しいのはどれか。,久しく視ると血を傷る。,久しく歩くと肉を傷る。,久しく座ると気を傷る。,久しく立つと筋を傷る。,1,
東洋医学概論,28,"次の文で示す患者の病証で最もみられる汗の状態はどれか。
「36歳の男性。主訴は咳嗽。水様の鼻汁を伴い、息切れ、倦怠感も訴える。脈は弱。」",自　汗,盗　汗,大　汗,絶　汗,1,
東洋医学概論,28,経脈病証で「顔がくすみ、皮膚がかさかさして艶がない。口が苦く、よくため息をつく。痛みで寝返りが打てない。」のはどれか。,手の太陰経病証,手の太陽経病証,足の少陽経病証,足の厥陰経病証,3,
東洋医学概論,28,虚証で最もみられるのはどれか。,脱　肛,拒　按,滑　脈,口　苦,1,
東洋医学概論,28,"次の文で示す患者の病証で最もみられる舌所見はどれか。
「54歳の女性。主訴は肩こり。2週間前に感冒にかかり咳が強く出た。現在も透明な鼻汁がでて痰が多い。」",膩　苔,燥　苔,黄　苔,剥落苔,1,
東洋医学概論,28,難経六十九難の治療法則で原穴を選穴するのはどれか。,肝虚証,脾虚証,肺虚証,腎虚証,3,
東洋医学概論,28,痹証と十二刺の組合せで正しいのはどれか。,筋　痹　---　恢　刺,心　痹　---　陰　刺,寒　痹　---　輸　刺,骨　痹　---　直鍼刺,1,
東洋医学概論,29,陰陽の属性が同じ組合せはどれか。,温　---　西,遅　 ---　凸,魄　---　腹,左　---　偶　数　,3,
東洋医学概論,29,陽中の陰の臓が剋する臓の作用はどれか。,疏泄を主る。,血を主る。,運化を主る。,水を主る。,1,
東洋医学概論,29,陰虚にみられる舌苔はどれか。,厚　苔,潤　苔,膩　苔,少　苔,4,
東洋医学概論,29,胸中に集まる気について正しいのはどれか。,発育を促す。,発声に関わる。,発汗を調整する。,栄養分をもつ。,2,
東洋医学概論,29,津液の停滞による症状はどれか。,盗　汗,口　渇,しびれ,下　痢,4,
東洋医学概論,29,決断を主る臓腑と表裏関係にある臓腑の生理作用はどれか。,気を主る。,血液量を調節する。,全身の陽気を主る。,水分代謝を調節する。,2,
東洋医学概論,29,五臓とそれが蔵するものの組み合わせで正しいのはどれか。,肝　--- 精,心　---　血,脾　---　営,腎　---　魂,3,
東洋医学概論,29,三陰三陽病と症状の組合せで正しいのはどれか。,少陰病　---　臥床を好む,太陰病　---　便　秘,少陽病　---　項のこわばり,陽明病　---　めまい,1,
東洋医学概論,29,"次の文で示す症状を引き起こす六淫の性質に含まれるのはどれか。
「梅雨の時期から体が重く下肢がむくみ、下痢をするようになった。」",遊走性,昇散性,粘滞性,収引性,3,
東洋医学概論,29,五労で正しいのはどれか。,久して臥するは脾を傷る。,久して視るは心を傷る。,久して行くは腎を傷る。,久して坐すは肺を傷る。,2,
東洋医学概論,29,病証において虚実狭雑証でないのはどれか。,風熱犯肺,心腎不交,脾虚湿性,肝陽上亢,1,
東洋医学概論,29,"次の文で示す経脈の病証はどれか。
「48歳の女性。発汗、目尻から頬の痛みがあり、耳鳴りが続き耳が聞こえにくい。」",足の陽明経,手の太陽経病証,足の少陰経,手の少陽経,4,
東洋医学概論,29,"次の文で示す患者の病証で最もみられる症状はどれか。
「42歳の女性。主訴は月経周期の乱れ。子どもの面倒をみながら在宅勤務でイライラすることが多い。」",太　息,呵　欠,短　気,噴　嚏,1,
東洋医学概論,29,経絡病証で咽喉の症状がみられないのはどれか。,手の陽明経脈,手の太陽経脈,足の陽明経,足の太陽経脈,4,
東洋医学概論,29,六部定位脈診で右手関上の沈の部が虚している場合、難経六十九難に基づく治療穴はどれか。,中　渚,商　丘,労　宮,曲　泉,3,
東洋医学概論,29,腰殿部外側と大腿外側の脹痛に対して、侠渓を取穴した治療の法則はどれか。,局所取穴,循経取穴,分刺による取穴,難経六十九難の取穴,2,
東洋医学概論,30,陰陽の関係で「寒い日に活動して冷えすぎないようにする」のはどれか。,陰陽互根,陰陽消長,陰陽制約,陰陽転化,3,
東洋医学概論,30,血瘀の症状はどれか。,筋けいれん,顔面蒼白,視力減退,色素沈着,4,
東洋医学概論,30,気血を化生する臓はどれか。を化生する臓が剋する臓について正しいのはどれか。,血を主る。,魂を蔵する。,発汗を調節する。,耳に開竅する。,4,
東洋医学概論,30,全身の陽気を主る臓腑と表裏関係にある臓腑の生理作用はどれか。,受　盛,治　節,降　濁,納　気,1,
東洋医学概論,30,外邪とその特徴の組合せで正しいのはどれか。,風　邪　-----　動　血,暑　邪　-----　昇　散,湿　邪　-----　凝　滞,寒　邪　-----　重　濁,2,
東洋医学概論,30,気機を上昇させる特性を持つ五志に損傷されやすい臓の症状はどれか。,目のかすみ,不整脈,皮膚の乾燥,歯のぐらつき,1,
東洋医学概論,30,陽経の気血を調節するのはどれか。,督　脈,任　脈,衝　脈,帯　脈,1,
東洋医学概論,30,"次の文で示す患者の病院で最も適切なのはどれか。
「28歳の女性。年末年始に接客が多忙だった。その後、徐々に気力がなくなり、疲れやすく接客がつらい。」",思,寒　邪,労　倦,飲食不節,3,
東洋医学概論,30,"次の文で示す患者の病証で正しいのはどれか。
「82歳の男性。半年前に誤嚥性肺炎1カ月入院した。退院後から腰の痛み、耳鳴り、手足のほてりが出現し寝汗をかくようになった。",疏泄の失調,運化の失調,肝火の上炎,腎陰の不足,4,
東洋医学概論,30,経脈病証で「前頸部が腫れ、口がゆがみ口すぼめができず、うつ傾向にある」のはどれか。,手の太陰経病証,手の少陰経病証,足の陽明経病証,足の少陽経病証,3,
東洋医学概論,30,経脈病証で難聴がおこるのはどれか。,足の少陰経,手の太陽経,足の厥陰経,手の陽明経,2,
東洋医学概論,30,"次の文で示す患者の病証で最もみられる脈状はどれか。
「43歳の男性。主訴は便秘、1週間前に風邪を引き、その後、口渇が強くなり発汗も多くなった午後3時から5時くらいで体温が高くなる。」",濡　脈,弦　脈,洪　脈,緩　脈,3,
東洋医学概論,30,"次の文で示す病証の治療原則で最も適切なのはどれか。
「慢性の眩暈と頭痛、目の充血、のぼせ、腰がだるく力が入らない。脈は原細数を認める。」",瀉　実,急則治標,補虚瀉実,因地制宜,3,
東洋医学概論,30,"次の文で示す患者の病証で最も適切なのはどれか。
「46歳の男性。主訴は肩こり。1年以上テレワークで外出機会が減少し、ストレスを感じている。胸肋部痛と喉のつかえ感を伴う。」",陰　虚,気　滞,湿　熱,血　虚,2,
東洋医学概論,30,奇経八脈で血海と呼ばれるのはどれか。,任　脈,衝　脈,陰維脈,陰鐈脈,2,
東洋医学概論,30,十二刺の偶刺に基づいた治療穴の組合せで正しいのはどれか。,太　淵　-----　列　欠,太　淵　-----　肺　兪,中　府　-----　列　欠,中　府　-----　肺　兪,4,
東洋医学概論,31,五行色体表における五臓と五労の組合せで誤っているのはどれか。,肝　---　久　視,脾　---　久　坐,肺　---　久　臥,腎　---　久　立,1,
東洋医学概論,31,成長や生殖活動を行うもととなる基本的な物質の生理作用で最も適切なのはどれか。,神を維持する。,血脈を満たす。,呼吸を推動する。,体温を一定に保つ。,1,
東洋医学概論,31,三焦を通って臓腑の気になるのはどれか。,宗　気,衛　気,営　気,原　気,4,
東洋医学概論,31,条達作用をもつ臓腑と相生関係にある臓腑の作用はどれか。,気血の源,水穀の海,水の上源,陰陽の根本,4,
東洋医学概論,31,肺が外邪の侵襲を防ぎ、臓腑を保護することを示すのはどれか。,嬌　臓,華　蓋,粛　降,宣　発,2,
東洋医学概論,31,降濁作用の補助を受けている作用はどれか。,伝　化,疏　泄,粛　降,化　物,1,
東洋医学概論,31,経脈病証で、喉に症状があり、外側前腕皮神経の支配領域に痛みがあるのはどれか。,手の少陰経 ,手の少陽経,手の陽明経 ,手の太陽経,3,
東洋医学概論,31,六淫で生風を特徴とするのはどれか。,風　邪,暑　邪,燥　邪,火　邪,4,
東洋医学概論,31,内因において、気を緩ませる感情が過度に生じるとみられる症状はどれか。,失　禁,動　悸,食欲不振,声のかすれ,2,
東洋医学概論,31,湯液療法（和漢薬）について正しいのはどれか。,鉱物を用いる。,副作用がない。,証をたてる必要はない。,多くは単味で用いる。,1,
東洋医学概論,31,五心煩熱や盗汗がみられるのはどれか。,肝脾不和,心肝火旺,心脾両虚,心腎不交,4,
東洋医学概論,31,"次の文で示す症例の経脈病証はどれか。
「65歳の男性。2週間前から腰痛で、前かがみや仰向けができない。最近は下腹部が痛み、季肋部が腫れ、喉が渇き、下痢をする。」",足の太陰経,足の厥陰経,足の陽明経,足の少陽経,2,
東洋医学概論,31,汗と脈状の組合せで正しいのはどれか。,無　汗　---　濇　脈,戦　汗　---　結　脈,大　汗　---　滑　脈,手足心汗　---　細　脈,4,
東洋医学概論,31,"次の文で示す症例の腹診所見はどれか。
「44歳の女性。主訴は頭痛。半年前に転職し、上司との人間関係がうまくいかず気が滅入る。頭部に刺すような痛みがあり、顔のシミが目立つようになってきた。」",腹裏拘急,心下痞鞕,小腹不仁,小腹急結,4,
東洋医学概論,31,六部定位脈診で左手関上の沈の部が実している場合、難経六十九難に基づく治療穴はどれか。,少　府,経　渠,陰　谷,陽　輔,1,
東洋医学概論,31,"次の文で示す病証の病理で正しいのはどれか。
「48歳の男性。3カ月前に新型コロナウイルス感染症で30日間入院した。退院後も乾いた咳嗽が続き、粘稠性黄色の痰が少量出る。また手足がほてり、頬が紅い。」",肺気の不足,風寒の侵襲,陰液の損傷,痰湿の停滞,3,
東洋医学概論,32,未病の概念について適切なのはどれか。,人体と自然は相応している。,心と体は一体である。,人体は有機体として機能する。,健康と疾病は連続している。,4,
東洋医学概論,32,狭義の神の働きでないのはどれか。,思惟活動の維持,精神活動の制御,生命活動の維持,外界刺激に対する情動反応,3,
東洋医学概論,32,本虚標実証に含まれるのはどれか。,肝鬱気滞,肝陽上亢,肝火犯肺,心肝火旺,2,
東洋医学概論,32,衝脈・任脈・督脈のすべてと密接な関係にある奇恒の腑の機能はどれか。,月経を主る。,肢体を支える。,情報を伝達する。,生命活動を主宰する。,1,
東洋医学概論,32,経絡の概要について正しいのはどれか。,経脈の循行は上焦から起こる。,経別は別行する正経である。,奇経は表裏関係をもつ。,絡脈が集まったものを浮絡という。,2,
東洋医学概論,32,顔の望診で色を判断できない場合に用いる皮膚の部位はどれか。,腹　部,前腕前面部,背　部,下腿後面部,2,
東洋医学概論,32,陰器（生殖器）に集まる経筋はどれか。,手の三陰経筋,手の三陽経筋,足の三陰経筋,足の三陽経筋,3,
東洋医学概論,32,長夏の病邪で生じやすい症状はどれか。,けいれん,大量の汗,激しい口渇,下肢の浮腫,4,
東洋医学概論,32,三毒説と関係するのはどれか。,疫　癘,心　労,打　撲,運動不足,3,
東洋医学概論,32,五行色体で相剋関係にある組合せはどれか。,噫　-----　羽,収　-----　肌　肉,麦　-----　羊,石　-----　色,1,
東洋医学概論,32,"次の文で示す経脈病証はどれか。
「55 歳の女性。 3 週間前に肩の上部から上肢後面が痛み始めた。 1 週間前から耳の後ろと目尻が痛む。汗をかきやすい。」",手の太陰経,手の少陰経,手の太陽経,手の少陽経,4,
東洋医学概論,32,"次の文で示す三陰三陽病証はどれか。
「全身の冷え、悪寒、下痢、嗜眠を呈し、抵抗力が弱く、身体が衰弱している状態。」",少陽病,太陰病,少陰病,厥陰病,3,
東洋医学概論,32,"次の文で示す病証でみられる便秘はどれか。
「34 歳の女性。半年前に仕事を辞め、新しい仕事を探しつつ、夜中はテレビゲームで遊んでいることが多い。噯気が頻繁に起こり、腹部の膨満感を伴う。」",熱　秘,気　秘,虚　秘,冷　秘,2,
東洋医学概論,32,"次の文で示す病証で最も適切なのはどれか。
「32 歳の男性。 5 日前に雨天の中、長時間の歩行をした。その翌日に微熱と発汗がみられた。現在は、倦怠感と食欲不振、水様便がみられる。」",表虚証,裏虚証,表実証,裏実証,2,
東洋医学概論,32,"次の文で示す病証に対する鍼の補瀉手技で適切なのはどれか。
「21 歳の男性。昨日、薄着で外出したところ、今朝から悪寒と頭痛を自覚した。咳、痰はみられない。脈は浮緊を認める。」",刺入後、押手を揺るがせる。,刺入後、細かく鍼を回転させる。,呼気時に刺入し、吸気時に抜鍼する。,浅く刺入し、後に深くする。,1,
東洋医学概論,32,治法八法で停滞した病理産物を散らすのに最も適切なのはどれか.,汗　法,清　法,吐　法,消　法,4,
東洋医学概論,33,些細なことでも恐れる人の五官に現れる症状はどれか。,脱毛,浮腫,耳聾,口甜,3,
東洋医学概論,33,血について正しいのはどれか。,宗気により構成される。,精神活動を正常に維持する。,脈外をめぐり全身に分布する。,生命活動を維持する精微物質である。,2,
東洋医学概論,33,津液について正しいのはどれか。,腎精により生成される。,三焦を通り全身をめぐる。,脾によって全身に輸布される。,停滞すると脹痛が起こりやすい。,2,
東洋医学概論,33,水穀を水穀の精微と糟粕に変化させる作用はどれか。,和　降,化　物,伝　化,流　通,2,
東洋医学概論,33,諸気を主宰する臓腑はどれか。,肝,肺,胆,三焦,4,
東洋医学概論,33,臓腑に連絡しないのはどれか。,経脈,経別,経筋,絡脈,3,
東洋医学概論,33,夏に最も影響を受けやすい外邪の特徴はどれか。,開泄性,乾燥性,炎上性,昇散性,4,
東洋医学概論,33,七情において、気を消耗する感情が過度に生じることでみられる症状はどれか。,頭痛,動悸,咳嗽,軟便,3,
東洋医学概論,33,裏実熱と裏虚熱が同時にみられるのはどれか。,肝火犯肺,心肝火旺,心腎不交,脾胃湿熱,3,
東洋医学概論,33,"次の症例で最も適切な臓腑病証はどれか。
「75歳の男性。夜間の頻尿と咳で不眠が続いている。口が乾き、から咳がみられ、腰膝酸軟と盗汗を伴う。舌質は痩、脈は細を認める。」",心腎不交,心肝血虚,肺脾気虚,肺腎陰虚,4,
東洋医学概論,33,"次の分で示す経脈病証はどれか。
「胸苦しさ、胸の熱感、手掌のほてり、息切れがみられる。」",手の太陰経病証,手の少陽経病証,手の少陰経病証,手の太陽経病証,1,
東洋医学概論,33,舌質の色でみられるのはどれか。,紫,黒,黄色,白,1,
東洋医学概論,33,弁証の進め方で最初に判断すべきなのはどれか。,気と血,虚と実,寒と熱,表と裏,4,
東洋医学概論,33,"次の分で示す六経病証はどれか。
「悪寒と発熱を交互に繰り返し、目眩がある。脈は弦を認める。」",少陽病,陽明病,太陰病,少陰病,1,
東洋医学概論,33,六部定位脈診で右関上の沈の部が虚している場合、難経六十九難に基づく治療穴はどれか。,暘谷,労宮,少衝,経渠,2,
東洋医学概論,33,鍼施術における補法はどれか。,速刺速抜する。,刺入した鍼を押手で揺るがせる。,患者の吸気時に刺入し、呼気時に抜鍼する。,抜鍼後は直ちに鍼孔を閉じる。,4,
東洋医学概論,34,陰の生理に属するのはどれか。,気　化,温　煦,寧　静,推　動,3,
東洋医学概論,34,腠理を開闔するのはどれか。,衛　気,宗　気,営　気,原　気,1,
東洋医学概論,34,「記憶を維持し、思考を経験として蓄積する」とされる五神に関連する臓はどれか。,肺,肝,脾,腎,4,
東洋医学概論,34,天癸が化生され、生殖機能が備わる生殖物質はどれか。,気,血,精,水,3,
東洋医学概論,34,六腑で原気を各臓腑へ運ぶ通路となるのはどれか。,胆,三　焦,胃,大　腸,2,
東洋医学概論,34,経脈を流れる気血の多少が太陰経と同じになる経脈はどれか。,太陽経,少陽経,陽明経,厥陰経,2,
東洋医学概論,34,風邪の性質でないのはどれか。,上部を侵しやすい。,燥邪を伴いやすい。,発汗を生じやすい。,百病の長と言われる。,2,
東洋医学概論,34,三毒説に直接関係するのはどれか。,房事過多,七情の失調,飲食不節,労　倦,3,
東洋医学概論,34,次の症例の病証にみられる症状で最も適切なのはどれか。「48歳の男性。胸苦しさがあり、噯気や放屁が多い。毎日夜遅くまで飲酒する習慣がある。」,尿失禁,抑うつ感,手足のしびれ,皮膚のむくみ,2,
東洋医学概論,34,次の症例の病証でみられるのはどれか。「50歳の男性。炎天下の作業で熱中症になった。1週間後から、不眠、頬の発赤、午後の微熱がみられる。脈は細数を認める。」,息切れ,胖大舌,五心煩熱,胸部の刺痛,3,
東洋医学概論,34,次の症例の病証でみられる舌所見はどれか。「28歳の男性。眉間の痛みを伴う頭痛。随伴症状は鼻出血、呑酸、げっぷ、不眠、便秘、食後にすぐ空腹感が起こる。脈は滑数。腹は胃脘部の圧痛を認める。」,薄　苔,白　苔,黄　苔,剥　苔,3,
東洋医学概論,34,経脈病証で「手掌のほてりと痛み、咽喉が渇いて飲み物をほしがる、目が黄ばみ、胸肋部が痛む」のはどれか。,手の少陰心経病証,手の太陰経肺経病証,手の少陽三焦経病証,手の陽明大腸経病証,1,
東洋医学概論,34,奇経八脈病証で「背骨のこわばり、頭痛、心臓部痛、足の冷え、遺尿がある」のはどれか。,督脈病証,任脈病証,衝脈病証,帯脈病証,1,
東洋医学概論,34,四診法で発汗を診ることができないのはどれか。,神　技,聖　技,工　技,巧　技,2,
東洋医学概論,34,次の症例の経脈病証はどれか。「25歳の女性。先週から腰痛があり、うつむきや仰向けができない。季肋部の腫れや下腹部膨満感もある。咽喉の乾きや下痢がある。顔色すすけて青黒い。」,足の少陰経病証,足の経陰経病証,足の太陽経病証,足の少陽経病証,2,
東洋医学概論,34,十二刺で、胸痛に対して胸部と背部の圧痛点に前後から1鍼ずつ刺すのはどれか。,偶　刺,短　刺,報　刺,揚　刺,1,
経絡経穴概論,25,内眼角で接続する経脈の井穴の組合せで正しいのはどれか。,関衝 ――― 足竅陰,少沢 ――― 至陰,隠白 ――― 少衝,商陽 ――― 厲兌,2,
経絡経穴概論,25,骨度で犢鼻から下巨虚までと同じなのはどれか。,前髪際中点から後髪際中点,中指尖から手関節横紋,腋窩横紋前端から肘窩,胸骨体下端から臍中央,3,
経絡経穴概論,25,骨度で大腸経の郄穴から臂臑までと同じなのはどれか。,陽蹻脈の郄穴から委陽,胃経の郄穴から気衝,膀胱経の合土穴から承扶,陽維脈の郄穴から中瀆,3,
経絡経穴概論,25,陽蹻脈の八脈交会穴の部位で正しいのはどれか。,内果後下方、踵骨上方、アキレス腱付着部内側前方の陥凹部,外果尖の直下、外果下縁と踵骨の間の陥凹部,第4・第5中足骨底接合部の遠位、第5指の長指伸筋腱外側の陥凹部,内果尖の下方1寸、内果下方の陥凹部,2,
経絡経穴概論,25,三叉神経第1枝の領域にある経穴はどれか。,素髎,下関,迎香,四白,1,
経絡経穴概論,25,デルマトームでＣ6領域上に位置する経穴はどれか。,中渚,後渓,魚際,液門,3,
経絡経穴概論,25,経穴と腱の位置関係で正しいのはどれか。,通里は尺側手根屈筋腱の尺側にある。,中封は後脛骨筋腱の前縁にある。,陽渓は長母指外転筋腱と短母指伸筋腱の間にある。,陰谷は半腱様筋腱の外縁にある。,4,
経絡経穴概論,25,奇穴の子宮と同じ高さにある経穴はどれか。,水道,大赫,府舎,急脈,2,
経絡経穴概論,25,体重節痛の際に用いる経穴部位で正しいのはどれか。,足外側、第5中足骨粗面の遠位、赤白肉際,足関節前内側、前脛骨筋腱内側の陥凹部、内果尖の前方,内果後下方、踵骨上方、アキレス腱付着部内側前方の陥凹部,第4・第5中足骨底接合部の遠位、第5指の長指伸筋腱外側の陥凹部,4,
経絡経穴概論,25,下肢にある郄穴の部位はどれか。,外果尖の直下、外果下縁と踵骨の間の陥凹部,内側広筋隆起部、膝蓋骨底内端の上方2寸,腓骨の前方、外果尖の上方7寸,脛骨内側面の中央、内果尖の上方5寸,3,
経絡経穴概論,25,八総穴で督脈の主治穴の部位はどれか。,橈骨と尺骨の骨間の中点、手関節背側横紋の上方2寸,長掌筋腱と橈側手根屈筋腱の間、手関節掌側横紋の上方2寸,第5中手指節関節尺側の近位陥凹部、赤白肉際,長母指外転筋腱と短母指伸筋腱の間、手関節掌側横紋の上方1寸5分,3,
経絡経穴概論,25,奇穴と経穴が同じ高さにある組合せはどれか。,痞根 ――― 腎兪,定喘 ――― 肩外兪,接脊 ――― 胃兪,腰眼 ――― 関元兪,3,
経絡経穴概論,25,小円筋のトリガーポイント好発部位に当たるのはどれか。,秉風,肩貞,肩外兪,天宗,2,
経絡経穴概論,26,経脈の走行について正しいのはどれか。 ,頚部では胃経と小腸経の間を大腸経が上行する。 ,腹部では腎経と胃経の間を脾経が上行する。 ,前腕後面では大腸経と三焦経の間を小腸経が上行する。 ,下腿内側では肝経と脾経の間を腎経が上行する。,1,
経絡経穴概論,26,奇経と関係する経穴の組合せで正しいのはどれか。 ,陽蹻脈――――金門 ,陰蹻脈――――築賓 ,陽維脈――――居髎 ,陰維脈――――府舎,4,
経絡経穴概論,26,心包経の経金穴と合水穴の間と同じ骨度はどれか。 ,両乳頭間 ,両乳様突起間 ,眉間から前髪際中点 ,臍中央から恥骨結合上縁,2,
経絡経穴概論,26,経穴とその部位を支配している神経の組合せで正しいのはどれか。 ,天牖―――――大後頭神経 ,天窓―――――大耳介神経 ,天突―――――頚横神経 ,欠盆―――――鎖骨下神経,3,
経絡経穴概論,26,八会穴の腑会の部位はどれか。 ,前正中線上、胸骨体下端の下方1寸 ,前正中線上、第4肋間と同じ高さ ,前正中線上、臍中央の上方4寸 ,前正中線上、臍中央の上方6寸,3,
経絡経穴概論,26,経穴と体表指標の組合せで同じ高さにあるのはどれか。 ,天鼎――――甲状軟骨上縁 ,天柱――――外後頭隆起 ,胞盲――――仙骨裂孔 ,髀関――――大転子頂点,4,
経絡経穴概論,26,部位と経穴の組合せで正しいのはどれか。 ,大腿二頭筋と半腱様筋の間―――――膝陽関 ,外側広筋と大腿直筋腱の間―――――血海 ,薄筋と縫工筋の間―――――――――足五里 ,縫工筋と長内転筋の間―――――――箕門,4,
経絡経穴概論,26,取穴法で正しいのはどれか。 ,丘墟は、長指伸筋腱内側の陥凹部、外果尖の前下方に取る。 ,太衝は､第1 ･第2中足骨間､中足骨底接合部近位の陥凹部に取る。 ,水泉は、太渓の下1寸、踵骨隆起前方の陥凹部に取る。 ,申脈は､外果尖の直下､外果下縁と距骨の間の陥凹部に取る。,3,
経絡経穴概論,26,五要穴で慢性症状に用いるのに適した経穴の部位はどれか。 ,脛骨内側面の中央、内果尖の上方5寸 ,内果尖とアキレス腱の間の陥凹部 ,腓骨の前方､外果尖の上方7寸 ,大腿二頭筋腱の内縁、膝窩横紋上,1,
経絡経穴概論,26,鍼の深刺により気胸発生の危険性が最も高いのはどれか。 ,臓会 ,血会 ,肺の募穴 ,心の募穴 ,2,
経絡経穴概論,26,奇穴とその主治の組合せで正しいのはどれか。 ,八邪―――――頭痛 ,四縫―――――足の痛み ,十宣―――――歯の痛み ,八風―――――手の痛み,1,
経絡経穴概論,26,奇穴とその部位の組合せで正しいのはどれか。 ,鶴頂―――――膝蓋骨底上際中央の上約1寸 ,胆嚢点――――陽陵泉の下約1寸 ,蘭尾―――――足三里の下約1寸 ,失眠―――――足底部の中央,2,
経絡経穴概論,26,圧痛部を押すと特定のパターンの関連痛を示し、索状硬結を認めた。最も適切な反応点はどれか。 ,トリガーポイント ,撮診点 ,圧診点 ,丘疹点 ,1,
経絡経穴概論,27,骨度法で最も短いのはどれか。,前髪際中点から後髪際中点,胸骨体下端から臍中央,腋窩横紋前端から肘窩,中指尖から手関節横紋,2,
経絡経穴概論,27,正経十二経脈の説明で正しいのはどれか。,陽経は臓に属して腑に絡する。,手の三陽経は顔面部から手部に流れる。,経脈は上焦に起こり足の厥陰経で一巡する。,経脈は各々が独立しながらも連絡している。,4,
経絡経穴概論,27,経脈間の接続とその部位の組合せで正しいのはどれか。,手の陽明経から足の陽明経　―――　内眼角,足の太陰経から手の少陰経　―――　側胸部,足の少陰経から手の厥陰経　―――　胸　中,手の太陽経から足の太陽経　―――　外眼角,3,
経絡経穴概論,27,陰維脈の郄穴の部位はどれか。,下腿前内側、脛骨内側面の中央、内果尖の上方 5 寸,下腿後内側、アキレス腱の前縁、内果尖の上方 2 寸,下腿後内側、ヒラメ筋とアキレス腱の間、内果尖の上方 5 寸,下腿内側、脛骨内縁の後方の陥凹部、内果尖の上方 2 寸,3,
経絡経穴概論,27,八脈交会穴の部位はどれか。,足内側、太渓の下方 1 寸、踵骨隆起前方の陥凹部,足内側、内果尖の下方 1 寸、内果下方の陥凹部,下腿外側、腓骨の前方、外果尖の上方 7 寸,下腿外側、腓骨の前方、外果尖の上方 5 寸,2,
経絡経穴概論,27,要穴で横に並ぶ組合せはどれか。,小腸経の絡穴　―――　大腸経の絡穴,心の募穴　―――　肝の募穴,任脈の絡穴　―――　胆の募穴,心包の募穴　―――　脾の大絡の絡穴,2,
経絡経穴概論,27,筋と筋の間に取穴しないのはどれか。,殷　門,箕　門,風　市,陰　包,3,
経絡経穴概論,27,部位と経穴の組合せで正しいのはどれか。,総指伸筋腱の内側 　　　　　 陽　池,尺側手根屈筋腱の内側　―――　通　里,大腿二頭筋腱の外側　―――　委　陽,長指伸筋腱の外側　―――　解　渓,1,
経絡経穴概論,27,五要穴で急性症状に用いるのに適した経穴の部位はどれか。,大腿前外側、外側広筋と大腿直筋腱外縁の間、膝蓋骨底の上方 2 寸,下腿外側、腓骨の前方、外果尖の上方 5 寸,下腿前外側、前脛骨筋の外縁、外果尖の上方 8 寸,足背、第 2 中足骨底部と中間楔状骨の間、足背動脈拍動部,1,
経絡経穴概論,27,"次の文で示す症状に対して八会穴を用いる場合に最も適切な経穴はどれか。
「20 歳の女性。月経時に腹部にさし込む痛みがあり、血塊を伴う。」",大　杼,膈　兪,陽陵泉,懸　鍾,2,
経絡経穴概論,27,経穴とその部位にある筋の支配神経の組合せで正しいのはどれか。,偏　歴　―――　尺骨神経,会　宗　―――　正中神経,合　陽　―――　脛骨神経,足三里　―――　浅腓骨神経,3,
経絡経穴概論,27,経穴とデルマトームの組合せで正しいのはどれか。,魚　際 　　　 C8,温　溜　―――　Th1,丘　墟　―――　L4,至　陰　―――　S1,4,
経絡経穴概論,27,皮下組織をつまみ上げて軽く圧迫すると、その部位にピリピリした異常な知覚が発生する反応点はどれか。,撮診点,丘疹点,良導点,トリガーポイント,1,
経絡経穴概論,28,経脈の流注で横隔膜を貫かないのはどれか。,手の太陰経,手の陽明経,足の少陰経,足の太陽系,4,
経絡経穴概論,28,骨度で最も長いのはどれか。,委中から承山,曲泉から中都,陰谷から復溜,陰陵泉から三陰交,3,
経絡経穴概論,28,八会穴の気会と同じ高さにある経穴はどれか。,梁　門,大　包,食　竇,神　封,4,
経絡経穴概論,28,三叉神経第2枝の領域にある経穴はどれか。,素　髎,兌　端,承　漿,下　関,2,
経絡経穴概論,28,長母指外転筋腱と短母指伸筋腱の間に取るのはどれか。,温　溜,外　関,郄　門,列　欠,4,
経絡経穴概論,28,胸背部の打診法で清音が聴取される部位に位置する経穴はどれか。,膻　中,屋　翳,中　府,章　門,2,
経絡経穴概論,28,経穴とその部位にある筋の支配神経の組合せで正しいのはどれか。,孔　最　-----　尺骨神経,支　正　-----　正中神経,三陰交　-----　脛骨神経,陽陵泉　-----　深腓骨神経,3,
経絡経穴概論,28,取穴法で正しいのはどれか。,聴会は耳珠の前上方で頬骨弓の後端に取る。,聴宮は耳珠と下顎骨との間にある陥凹部で、下顎骨関節突起の後縁に取る。,耳門は珠間切痕の直前陥凹中で、口を開くと深くくぼむところに取る。,翳風は後頭骨の下方で、胸鎖乳突筋と僧帽筋の間の陥凹中に取る。,2,
経絡経穴概論,28,深刺すると椎骨動脈を損傷するリスクが最も高い経穴はどれか。,風　府,風　池,秉　風,翳　風,2,
経絡経穴概論,28,五要穴で急性症状に用いる経穴の部位はどれか。,前脛骨筋の外縁、外果尖の上方8寸,内果尖の下方1寸の陥凹部,腓骨の前方、外果尖の上方7寸,側胸部、第6肋間、中腋窩線上,3,
経絡経穴概論,28,陽蹻脈の郄穴の部位はどれか。,下腿外側、腓骨の前方、外果尖の上方7寸,下腿内側、脛骨内縁の後際、陰陵泉の下方3寸,下腿前内側、脛骨内側面の中央、内果尖の上方7寸,下腿後外側、腓骨とアキレス腱の間、崑崙の上方3寸,4,
経絡経穴概論,28,奇穴で顔面神経麻痺が主治でないのはどれか。,太　陽,夾承漿,牽　正,翳　明,4,
経絡経穴概論,28,トリガーポイントの特徴でないのはどれか。,発汗量の低下,関連痛の出現,痛覚閾値の低下,索状硬結の触知,1,
経絡経穴概論,29,外眼角で接続する経脈の井穴の組合せで正しいのはどれか。,少　商　---　商　陽,少　沢　---　至　陰,湧　泉　---　中　衝,関　衝　---　足竅陰,4,
経絡経穴概論,29,すべての陽経脈と連絡している奇経の郄穴はどれか。,跗　陽,交　信,陽　交,築　賓,3,
経絡経穴概論,29,骨度で脛骨内側顆下縁から膝蓋骨尖までと同じなのはどれか。,臍中央から小腸の募穴,前正中線から肝の募穴,胸骨体下端から心の募穴,恥骨結合上縁から三焦の募穴,3,
経絡経穴概論,29,八脈交会穴が関係する奇経の組合せで正しいのはどれか。,陰維脈　---　帯　脈,陽維脈　---　督　脈,陽蹻脈　---　衝　脈,陰蹻脈　---　任　脈,4,
経絡経穴概論,29,任脈上に募穴がある臓腑の所属経脈の原穴はどれか。,合　谷,太　渓,陽　池,太　衝,3,
経絡経穴概論,29,甲状軟骨上縁の高さにないのはどれか。,扶　突,人　迎,天　窓,天　牖,4,
経絡経穴概論,29,腹哀の高さで正しいのはどれか。,臍中央の上方2寸,臍中央の上方3寸,臍中央の上方4寸,臍中央の上方5寸,2,
経絡経穴概論,29,郄穴の部位はどれか。,膝蓋骨底外端の上方2寸,腓骨の前方、外果尖の上方5寸,腓腹筋外側頭下縁とアキレス伳の間,内果後下方、踵骨上方、アキレス腱の前陥凹部,1,
経絡経穴概論,29,経穴と解剖学的部位の組合せで正しいのはどれか。,曲　垣　---　棘上窩,天　府　---　鎖骨下窩,欠　盆　---　小鎖骨上窩,気　舎　---　大鎖骨上窩,1,
経絡経穴概論,29,鵞足を構成する筋上にないのはどれか。,陰陵泉,血　海,陰　包,陰　谷,2,
経絡経穴概論,29,標準体型の男性において直刺で刺鍼した場合、肺を損傷するリスクが最も高いのはどれか。,肺の募穴,任脈の絡穴,胃の背部兪穴,脾の大絡の絡穴,4,
経絡経穴概論,29,尺側手根屈筋腱の橈側縁、手関節掌側横紋の上方1寸にある経穴はどれか。,間　使,養　老,経　渠,通　里,4,
経絡経穴概論,29,肩関節の外旋に作用する筋上の経穴はどれか。,臂　臑,天　宗,臑　会,肩　髎,2,
経絡経穴概論,29,前腕後面の経穴で小指伸筋腱と尺側手根伸筋の間に取るのはどれか。,三焦経の経火穴,三焦経の郄穴,小腸経の経火穴,小腸経の絡穴,2,
経絡経穴概論,29,顔面神経支配の筋にある経穴の部位はどれか。,頬骨弓中央の上際の陥凹部,外眼角の直下、頬骨下方の陥凹部,珠間切痕と下顎骨関節突起の間の陥凹部,耳珠上の切痕と下顎骨関節突起の間の陥凹部,2,
経絡経穴概論,29,経穴の部位で正しいのはどれか。,秩辺は、第2後仙骨孔と同じ高さ、正中仙骨稜の外方3寸にある。,三陽絡は、橈骨と尺骨の骨間の中点、肘頭の下方5寸にある。,蠡溝は、脛骨内側面の中央、内果尖の上方5寸にある。,本神は、前髪際から入ること5分、瞳孔線上にある。,3,
経絡経穴概論,29,経金穴の部位はどれか。,長掌筋伳と橈側手根屈筋伳の間、手関節掌側横紋の上方3寸,長母指外転筋伳と短母指伸筋伳の間、手関節掌側横紋の上方1寸5分,橈骨と尺骨の骨間の中点、手関節背側横紋の上方3寸,尺骨内縁と尺側手根屈筋の間、手関節背側横紋の上方5寸,1,
経絡経穴概論,29,五兪穴の滎穴が深腓骨神経の分布領域にあるのはどれか。,肝　経,脾　経,腎　経,胆　経,1,
経絡経穴概論,29,少陽経の郄穴が位置する筋はどれか。,前脛骨筋,長腓骨筋,ヒラメ筋,長指伸筋,2,
経絡経穴概論,29,関元兪と同じ高さにある奇穴の主治はどれか。,咳　嗽,動　悸,不　眠,月経痛,4,
経絡経穴概論,29,鍼施術で気胸を起こすリスクが最も高い経穴はどれか。,天　宗,身　柱,附　分,三焦兪,3,
経絡経穴概論,30,経脈の流注で生殖器をめぐるのはどれか。,足の陽明経,足の太陰経,足の少陰経,足の厥陰経,4,
経絡経穴概論,30,八会穴で募穴でもある経穴が所属する経脈はどれか。,足の太陰経,足の厥陰経,足の太陽経,足の少陽経,2,
経絡経穴概論,30,骨度で胸骨体下端から臍中央と同じ寸法はどれか。,内果尖から肝経の絡穴,外果尖から胃経の絡穴,手関節掌側横紋から肺経の郄穴,手関節背側横紋から大腸経の郄穴,2,
経絡経穴概論,30,デルマトームのTh7からTh10領域に位置する募穴の臓腑はどれか。,胃,小　腸,心　包,三　焦,1,
経絡経穴概論,30,胸骨角を基準に取るのはどれか。,幽　門,鳩　尾,玉　堂,気　舎,3,
経絡経穴概論,30,督脈の経穴で、外方3寸に膀胱経の経穴がないのはどれか。,陶　道,霊　台,懸　枢,腰　兪,1,
経絡経穴概論,30,深刺の際に最も注意すべき腧穴はどれか。,八　風,秉　風,風　市,風　池,4,
経絡経穴概論,30,経穴の部位で正しいのはどれか。,伏兎は、大腿前外側、大腿直筋の外側で膝蓋骨底の上方3寸にある。,承扶は、大腿部後面、大腿二頭筋と半腱様筋の間、殿溝の下方6寸にある。,風市は、大腿部外側、腸脛靭帯の後方で、膝窩横紋の上方7寸にある。,陰包は、大腿部内側、薄筋と縫工筋の間、膝蓋骨底の上方4寸にある。,4,
経絡経穴概論,30,長母指外転筋腱と短母指伸筋腱の間にある経穴について正しいのはどれか。,主に急性症状の治療で用いる。,督脈との交会穴である。,脈気が溜るところにあたる。,頭頂の病に用いる。,4,
経絡経穴概論,30,正中神経の分布領域にある経穴はどれか。,商　陽,関　衝,少　衝,少　沢,1,
経絡経穴概論,30,第4・第5中手骨の間にあるのはどれか。,労　宮,少　府,腕　骨,落　枕,2,
経絡経穴概論,30,経穴と取り方の指標の組合せで正しいのはどれか。,顴　髎　-----　外眼角を通る垂線上,地　倉　-----　瞳孔を通る垂線上,四　白　-----　耳垂下縁を通る水平線,下　関　-----　頬骨弓中央の上縁,1,
経絡経穴概論,30,所属経絡が表裏関係にあるのはどれか。,頭竅陰と足竅陰,手五里と足五里,腰陽関と膝陽関,腹通谷と足通谷,4,
経絡経穴概論,30,腓骨の後方に取る経穴はどれか。,陽維脈の郄穴,胆経の郄穴,胆経の絡穴,八会穴の髄会,1,
経絡経穴概論,30,五兪穴で咳嗽と発熱に用いるのはどれか。,陰　谷,復　溜,太　渓,然　谷,2,
経絡経穴概論,30,六つ灸で用いる経穴と同じ高さにあるのはどれか。,至　陽,接　脊,中　枢,陽　綱,1,
経絡経穴概論,30,大腸の下合穴が所属する経脈の経火穴はどれか。,陥　谷,陽　渓,解　渓,崑　崙　,3,
経絡経穴概論,30,腓骨頭直下と脛骨粗面下端の中間に取る経穴が所属するのはどれか。,八総穴,八会穴,中風七穴,五要穴,3,
経絡経穴概論,30,生体において皮膚温の変化を示すのはどれか。,丘疹点,ヘッド点,ボアス点,エアポケット現象,4,
経絡経穴概論,30,透熱灸を避けるべき経穴はどれか。,百　会,巨　髎,天　柱,角　孫,2,
経絡経穴概論,31,胸中で接続する経脈の井穴の組合せで正しいのはどれか。,商　陽　ー　厲　兌,隠　白　ー　少　衝,少　沢　ー　至　陰,湧　泉　ー　中　衝,4,
経絡経穴概論,31,経絡の概要について正しいのはどれか。,十二経筋は四肢末端から始まる。,気経八脈は奇経同士が表裏関係にある。,十二経別は正経とは合しない経脈である。,正経十二経脈は上焦から始まる。,1,
経絡経穴概論,31,奇経で子宮から起こるのはどれか。,陽蹻脈,陰蹻脈,任脈,帯脈,3,
経絡経穴概論,31,腧穴の概要について正しいのはどれか。,WHO/WPROで経穴が365穴となる。,奇穴は奇経に所属する。,新穴は奇穴に含まれる。,阿是穴は部位が定まっている。,3,
経絡経穴概論,31,手の三陽経、足の三陽経が交わる交会穴はどれか。,百会,大椎,陽交,三陽絡,2,
経絡経穴概論,31,骨度法で左右の乳様突起の間と同じ長さなのはどれか。,外果尖の高さから承山,膝蓋骨尖の高さから漏谷,肘窩横紋から内関,手関節背側横紋から四瀆,2,
経絡経穴概論,31,腹部において腎経、胃経ともに同じ高さに経穴がないのはどれか。,臍中央の上方7寸,臍中央の上方3寸,臍中央の上方1寸,臍中央の下方4寸,1,
経絡経穴概論,31,督脈の経穴があるの部位はどれか。,第2胸椎棘突起下方の陥凹部,第4胸椎棘突起下方の陥凹部,第6胸椎棘突起下方の陥凹部,第8胸椎棘突起下方の陥凹部,3,
経絡経穴概論,31,顖会について正しいのはどれか。,所属する経脈の21番目の経穴である。,小児では小泉門部にあたる。,眼神経の支配領域にある。,目窓と横に並ぶ。,3,
経絡経穴概論,31,経穴の部位で正しいのはどれか。,青霊は、上腕二頭筋と短頭の間、腋窩横紋前端の下方2寸にある。,消濼は、肘頭と肩峰角を結ぶ線上、肘頭の上方5寸にある。,侠白は、上腕二頭筋外側縁、腋窩横紋前端の下方3寸にある。,手五里は肘窩横紋外端の上方7寸にある。,2,
経絡経穴概論,31,取穴部位が後頸三角の領域にあるのはどれか。,人迎,天窓,天容,扶突,2,
経絡経穴概論,31,同じ高さに並ぶ経穴はどれか。,膏肓と心兪,肓門と胃兪,胞肓と膀胱兪,秩辺と中膂兪,3,
経絡経穴概論,31,鎖骨下縁に取るのはどれか。,欠盆,中府,天突,兪府,4,
経絡経穴概論,31,橈側手根屈筋腱の橈側に位置する経穴はどれか。,列欠,霊道,内関,支正,1,
経絡経穴概論,31,深刺すると、前鋸筋と肋間筋を貫き肺を損傷するのはどれか。,輒筋,膺窓,期門,胸郷,1,
経絡経穴概論,31,足の太陰経にある経金穴の部位はどれか。,足関節後内側、内果尖とアキレス腱の間の陥凹部,足内側、内果の前下方、舟状骨粗面と内果尖の中央陥凹部,足関節前外側、長指伸筋腱外側の陥凹部、外果尖の前下方,足関節前面中央の陥凹部、長母指伸筋腱と長指伸筋腱の間,2,
経絡経穴概論,31,五要穴について正しいのはどれか。,同じ高さに並ぶ郄穴がある。,手関節横紋上には6穴の原穴がある。,前腕の外側と内側に対応する。,募穴のうち4穴は自経ある。,1,
経絡経穴概論,31,組合せで用いる経穴で八会穴を含まないのはどれか。,脚気八処の穴,小児斜差の灸,中風七穴の灸,六つ灸,2,
経絡経穴概論,31,肓門穴の外方5分にある奇穴の主治はどれか。,喘息,動悸,痞塊,痔疾,3,
経絡経穴概論,31,奇穴とその部位の組合せで正しいのはどれか。,魚腰　---　眉間中央陥凹部,接脊　---　第11胸椎棘突起下方の陥凹部,十宣　---　各中手指節関節の間の背側,胆嚢点　---　陽陵泉の下約1寸,4,
経絡経穴概論,32,経脈の流注で横隔膜を貫かないのはどれか。,手の太陰肺経,足の太陰脾経,足の太陽膀胱経,手の少陽三焦経,3,
経絡経穴概論,32,小腸経の脈気を受けて内眼角に起こる経脈の別脈はどれか。,衝　脈,督　脈,陽蹻脈,陽維脈,3,
経絡経穴概論,32,五兪穴について正しいのはどれか。,足の少陰経の井木穴は爪甲の際にある。,足の陽明経の滎水穴は経脈の末端穴から2番にある。,手の太陽経の兪木穴は原穴と一致する。,手の厥陰経の経金穴は手関節横紋にある。,2,
経絡経穴概論,32,要穴で、所属するすべての経穴が足の三陽経のいずれかにあてはまるのはどれか。,下合穴,四総穴,八総穴,八会穴,1,
経絡経穴概論,32,膝蓋骨尖と内果尖とを結ぶ線を3等分し、内果尖から3分の1にあるのはどれか。,肝経の絡穴,腎経の絡穴,脾経の郄穴,陰蹻脈の郄穴,1,
経絡経穴概論,32,経穴の部位で正しいのはどれか。,天衝は、耳尖の直上、髪際の上方1寸5分にある。,天牖は、下顎角と同じ高さ、胸鎖乳突筋後方の陥凹部にある。,天容は、胸鎖乳突筋の後縁、甲状軟骨と同じ高さにある。,天鼎は、輪状軟骨と同じ高さ、胸鎖乳突筋の前縁にある。,2,
経絡経穴概論,32,陰都と同じ高さに位置する任脈の経穴について正しいのはどれか。,臍中央の上方3寸にある。,八会穴の腑会である。,任脈の絡穴である。,上方3寸には中庭がある。,2,
経絡経穴概論,32,膻中について正しいのはどれか。,心の募穴である。,八脈交会穴の一つである。,胸骨上窩を基準に取穴する。,外方6寸は天渓である。,4,
経絡経穴概論,32,左右の第12肋骨先端を結ぶ線と後正中線の交点で、棘突起下方陥凹部にあるのはどれか。,懸　枢,命　門,腰陽関,下極兪,2,
経絡経穴概論,32,絡穴が郄穴より末消にある経脈はどれか。,手の太陽経,手の少陰経,足の太陽経,足の太陰経,4,
経絡経穴概論,32,膝窩横紋上で半腱様筋腱の外縁にあるのはどれか。,膝　関,委　陽,陰　谷,曲　泉,3,
経絡経穴概論,32,上腕二頭筋長頭と短頭の間、腋窩横紋前端の下方2寸にあるのはどれか。,天　府,臂　臑,天　泉,消　濼,3,
経絡経穴概論,32,経脈の流注の方向に沿った斜刺で深刺をした場合、肺を損傷するリスクが最も高い募穴はどれか。,中　府,章　門,京　門,日　月,4,
経絡経穴概論,32,足陽明経の経火穴と足太陰経の経金穴の間にあるのはどれか。,衝　陽,太　衝,中　封,丘　墟,3,
経絡経穴概論,32,足少陽経の経火穴の部位はどれか。,下腿外側、腓骨の前方、外果尖の上方4寸,下腿前面、膝蓋靭帯外方の陥凹部の下方9寸,下腿内側、脛骨内縁の後方の陥凹部、内果尖の上方2寸,下腿後外側、外果尖とアキレス腱の間の陥凹部から上方3寸,1,
経絡経穴概論,32,腋窩壁を構成する筋上にあるのはどれか。,魂　門,風　門,幽　門,雲　門,1,
経絡経穴概論,32,八会穴で、所属する瘈脈が異なる組合せはどれか。,気　会　-----　腑　会,筋　会　-----　髄　会,血 会　-----　骨　会,脈　会　-----　臓　会,4,
経絡経穴概論,32,手関節横紋から最も遠いのはどれか。,肺経の郄穴,大腸経の絡穴,心包経の経金穴,三焦経の経火穴,1,
経絡経穴概論,32,脚気八処の穴に含まれないのはどれか。,伏　兎,外膝眼,下巨虚,条　口,4,
経絡経穴概論,32,循経感伝現象と関係しないのはどれか。,丘　疹,索状硬結,腫　脹,色素沈着,2,
経絡経穴概論,33,経絡系統について正しいのはどれか。,経絡は正経十二経脈と奇経八脈で構成される。,経脈には十二経別が含まれる。,十二経筋は中焦から始まる。,十二皮部は臓腑と属絡関係にある。,2,
経絡経穴概論,33,郄穴でないのはどれか。,陽　谷,跗　陽,交　信,築　賓,1,
経絡経穴概論,33,骨度法で最も長いのはどれか。,殿溝から膝窩,膝蓋骨尖から内果尖,膝窩から外果尖,脛骨内側顆下縁から内果尖,3,
経絡経穴概論,33,臍中央と恥骨結合上縁を結ぶ線の中点の下方5分にある募穴の臓腑はどれか。,胃,三　焦,小　腸,膀　胱,3,
経絡経穴概論,33,経穴の部位で正しいのはどれか。,顴髎は、頬骨弓の下縁中点と下顎切痕の間の陥凹部にある。,巨髎は、鼻唇溝中、鼻翼外縁中点と同じ高さにある。,和髎は、耳珠上の切痕と下顎骨の関節突起の間、陥凹部にある。,禾髎は、人中溝中点と同じ高さ、鼻孔外縁の下方にある。,4,
経絡経穴概論,33,正中神経が支配する皮膚領域にあるのはどれか。,少　商,少　衝,関　衝,商　陽,4,
経絡経穴概論,33,尺骨神経の支配する筋上にあるのはどれか。,合　谷,偏　歴,手三里,手五里,1,
経絡経穴概論,33,八会穴の腑会と同じ高さに並ぶのはどれか。,承　満,梁　門,太　乙,滑肉門,2,
経絡経穴概論,33,脛骨内側顆下縁と脛骨内縁が接する陥凹部の下方3寸にあるのはどれか。,足の太陰経の郄穴,足の太陰経の絡穴,足の厥陰経の郄穴,足の厥陰経の絡穴,1,
経絡経穴概論,33,回旋筋腱版で肩を外転させる筋上にある経穴はどれか。,肩　貞,臑　兪,曲　垣,天　宗,3,
経絡経穴概論,33,広背筋上にある経穴はどれか。,神　堂,淵　腋,章　門,志　室,4,
経絡経穴概論,33,足の少陰経の経金穴と同じ高さに並ぶのはどれか。,交　信,陽　補,豊　隆,中　都,1,
経絡経穴概論,33,頭部、耳介の付け根の後縁の直上、髪際の上方2寸にあるのはどれか。,角　孫,浮　白,天　衝,曲　鬢,3,
経絡経穴概論,33,足の太陰経の五兪穴で、身体が重く関節が痛む際に用いる経穴の部位はどれか。,足の第1指、第1中足指節関節内側の遠位陥凹部、赤白肉際,足内側、第1中足指節関節内側の近位陥凹部、赤白肉際,足内側、内果の前下方、舟状骨粗面と内果尖の中央陥凹部,足関節前内側、前脛骨筋内側の陥凹部、内果尖の前方,2,
経絡経穴概論,33,原穴が足関節部にある経脈はどれか。,少陽経,厥陰経,太陰経,太陽経,1,
経絡経穴概論,33,八会穴の部位はどれか。,第6肋間、前正中線の外方4寸,第7肋間、前正中線の外方4寸,第11肋骨端下縁,第12肋骨端下縁,3,
経絡経穴概論,33,中風七穴はどれか。,肩　髎,梁　丘,陽陵泉,曲　池,4,
経絡経穴概論,33,女児に行う小児斜差の灸で正しいのはどれか。,左の膈兪と右の肝兪,右の肝兪と左の脾兪,左の胆兪と右の脾兪,右の脾兪と左の胃兪,2,
経絡経穴概論,33,直刺で刺入した場合、肺までの距離が最も短いのはどれか。,肩　井,譩　譆,肺　兪,大　杼,2,
経絡経穴概論,33,臓器損傷を避けるため、刺鍼の際に最も注意すべき経穴はどれか。,天　泉,天　井,天　宗,天　突,4,
経絡経穴概論,34,足から腹部に至り任脈、胆経、肝経と交わり舌に至る経脈はどれか。,陰蹻脈,陰維脈,足太陰脾経,足少陰腎経,3,
経絡経穴概論,34,奇経八脈について最も適切なのはどれか。,循行には共通する規則性がある。,督脈と任脈は属絡関係である。,陽維脈と陰維脈は表裏関係にある。,正経十二経脈と交会している。,4,
経絡経穴概論,34,募穴について最も適切なのはどれか。,背部兪穴と表裏関係にある。,臓腑の気が注ぐところである。,臓と腑では主に臓の治療に有効である。,臓腑と同名の経脈上にある。,1,
経絡経穴概論,34,天応穴の特徴はどれか。,十四経脈上にある。,主治が定まっている。,1901年以降に定められた。,病能と関連して出現する。,4,
経絡経穴概論,34,中指末節骨の指幅を1横指として取穴する経穴はどれか。,陽　白,照　海,水　泉,頬　車,4,
経絡経穴概論,34,陰経を総括する奇経の八脈交会穴はどれか。,内　関,公　孫,列　欠,照　海,3,
経絡経穴概論,34,神庭穴と眉間の中点との長さはどれか。,5分,1寸5分,2寸5分,3寸5分,4,
経絡経穴概論,34,経穴と体表指標の組合せで誤っているのはどれか。,身　柱　-----　肩甲骨上角,至　陽　-----　肩甲骨下角,命　門　-----　第12肋骨先端,腰陽関　-----　腸骨稜最高点,1,
経絡経穴概論,34,鎖骨下縁と乳頭線の交点にあるのはどれか。,庫　房,気　戸,兪　府,気　舎,2,
経絡経穴概論,34,伏在神経の分布領域にあるのはどれか。,陽陵泉,陰陵泉,陰　市,陰　包,2,
経絡経穴概論,34,少海穴について最も適切なのはどれか。,尺骨神経溝上にある。,同経の兪穴までは12寸ある。,五行穴では金穴に属する。,皮膚面に対しての直刺で、尺側手根屈筋に刺鍼できる。,2,
経絡経穴概論,34,上腕二頭筋の長頭と短頭の間にあるのはどれか。,天　泉,天　府,青　霊,臂　臑,1,
経絡経穴概論,34,顔面部、耳珠中央の前縁と下顎骨関節突起の間の陥凹部にあるのはどれか。,耳　門,和　髎,聴　会,聴　宮,4,
経絡経穴概論,34,五兪穴で、のぼせと失禁に用いる経穴の部位はどれか。,内果尖とアキレス腱の間の陥凹部,膝後内側、半腱様筋腱の外縁、膝窩横紋上,アキレス腱の前縁、内果尖の上方2寸,足内側、舟状骨粗面の下方、赤白肉際,2,
経絡経穴概論,34,原気が集まるとされ、体が重だるく関節が痛むときに用いる経穴の部位はどれか。,手背、第2中手指節関節橈側の近位陥凹部,足背、第2中足骨底部と中間楔状骨の間、足背動脈拍動部,手関節前内側、尺側手根屈筋腱の橈側縁、手関節掌側横紋上,足背、第4・第5中足骨接合部の遠位、第5指の長指伸筋腱外側の陥凹部,3,
経絡経穴概論,34,郄穴の部位はどれか。,前腕後面、尺骨の橈側縁、手関節背側横紋の上方3寸,肘後内側、肘頭と上腕骨内側上顆の間の陥凹部,足内側、内果の前下方、舟状骨粗面と内果尖の中央陥凹部,足外側、第5中足骨粗面の遠位、赤白肉際,1,
経絡経穴概論,34,絡穴の部位はどれか。,下腿外側、腓骨の前方、外果尖の上方4寸,下腿前面、犢鼻と解渓を結ぶ線上、犢鼻の下方8寸,下腿内側、脛骨内縁の後際、陰陵泉の下方3寸,下腿後外側、腓腹筋外側頭下縁とアキレス腱の間、崑崙の上方7寸,4,
経絡経穴概論,34,八会穴で募穴でもあるのはどれか。,気　会,血　会,骨　会,脈　会,1,
経絡経穴概論,34,八総穴に属する経穴の部位はどれか。,下腿前面、犢鼻と解渓を結ぶ線上、犢鼻の下方9寸,下腿外側、腓骨の前方、外果尖の上方3寸,足外側、外果尖の直下、外果下縁と踵骨の間の陥凹部,膝後面、膝窩横紋の中点,3,
経絡経穴概論,34,腧穴で鍼の刺鍼により延髄損傷の危険性が最も高いのはどれか。,脳　戸,翳　風,瘂　門,夾　脊,3,
東洋医学臨床論,25,睡眠障害をきたす病証と随伴症状の組合せで最も適切なのはどれか。,心火 ――――― 食欲不振,痰熱 ――――― 胃脘部のつかえ,肝火 ――――― 腰痛,心脾両虚 ――― 口苦,2,
東洋医学臨床論,25,"次の文で示す患者の病証で最も適切なのはどれか。
「43歳の女性。主訴は下痢。最近、近隣の住人とのトラブルがあり、咽のつかえを自覚し、よくため息をつくようになった。その後、下痢を発症。腹痛の後に生じることが多い。」",肝気犯脾証,脾胃湿熱証,心脾両虚証,脾腎陽虚証,1,
東洋医学臨床論,25,"次の文で示す患者の病証で最も適切なのはどれか。
「82歳の女性。主訴は腰痛。頻尿があり、くしゃみなどで失禁することがある。」",腎陽虚,腎気不固,腎精不足,腎不納気,2,
東洋医学臨床論,25,"次の文で示す患者の病証に対する治療方針で適切なのはどれか。
「32歳の男性。項から背中にかけてこわばりを自覚した。強い悪寒と軽い熱っぽさも伴う。鼻がつまり咳が出てきたため来院。脈は浮緊。」",和胃,解表,利湿,潤肺,2,
東洋医学臨床論,25,"次の文で示す患者の病証に対し、八会穴を用いて治療を行う場合、最も適切なのはどれか。
「35歳の女性。1か月前に出産し、現在授乳中だが、乳房に張った感じがなく、乳汁の分泌が少ない。出産時に出血が多かったせいか顔色は青白く、爪や唇の色は白っぽい。舌質は淡、脈は虚細。」",陽陵泉,膈兪,大杼,太淵,2,
東洋医学臨床論,25,"次の文で示す患者の病証に対して原絡配穴法により治療を行う場合、経穴部位として最も適切なのはどれか。
「48歳の男性。主訴は腰痛。痛みで上体を反らすことができない。咽の渇き、陰嚢の疼痛を伴うこともある。」",下腿前内側、脛骨内側面の中央、内果尖の上方5寸,下腿外側、腓骨の前方、外果尖の上方5寸,足関節後内側、内果尖とアキレス腱の間の陥凹部,足外側、第5中足骨粗面の遠位、赤白肉際,2,
東洋医学臨床論,25,"｢23歳の女性。体操の選手で運動性無月経がみられる。東洋医学的所見では顔色は白く、肌につやがない。舌は淡白、脈は細。」
本症例の病証で最も適切なのはどれか。",血虚症,陰虚症,表虚症,陽虚症,1,
東洋医学臨床論,25,鍼灸治療についてSOAP形式で記録する場合、Aに該当するのはどれか。,他覚的所見,治療経過の評価,治療内容,医療面接の内容,2,
東洋医学臨床論,25,Ｃ8神経根障害でデルマトームを応用した低周波鍼通電療法を行う場合の経穴の組合せで最も適切なのはどれか。,列欠 ―――― 孔最,手五里 ――― 臂臑,神門 ―――― 後渓,合谷 ―――― 温溜,3,
東洋医学臨床論,25,肩関節外転90度で外旋の自動運動を行ったところ、肩の後方の疼痛を自覚した。罹患筋への刺鍼部位として最も適切なのはどれか。,隆椎と肩峰の中点,肩甲骨下角,棘下窩の中央,結節間溝,3,
東洋医学臨床論,25,肩甲上腕関節の拘縮の所見はどれか。,自動運動より他動運動の可動域が大きい。,肩甲上腕リズムが1：2である。,エンドフィールが明瞭である。,肩峰直下に圧痛がある。,3,
東洋医学臨床論,25,脳卒中後の後遺症による上肢の屈曲拘縮に対し、拮抗抑制を利用する目的で低周波鍼通電療法を行う場合の経穴の組合せで最も適切なのはどれか。,消濼 ――― 臑会,肩髎 ――― 肩髃,天泉 ――― 侠白,少海 ――― 間使,1,
東洋医学臨床論,25,"次の文で示す患者への施術で罹患神経への治療穴として最も適切なのはどれか。
「30歳の女性。1週間前から手の小指側にしびれを感じ、母指の内転運動障害がみられる。フローマン徴候陽性、ファレンテスト陰性。」",大陵,列欠,霊道,陽池,3,
東洋医学臨床論,25,徒手検査所見と罹患部への治療穴の組合せで適切なのはどれか。,グラスピングテスト陽性 ――― 膝陽関,K・ボンネットテスト陽性 ――― 関元兪,チェアテスト陽性 ―――――― 支正,インピンジメントテスト陽性 ――― 臑会,1,
東洋医学臨床論,25,"次の文で示す症例で罹患筋を対象に施術する場合、最も適切なのはどれか。
「32歳の男性。野球チームでピッチャーをしている。最近、投球動作でフォロースルー期に肩後方の痛みを感じるようになった。」",肩甲下筋,小胸筋,前鋸筋,小円筋,4,
東洋医学臨床論,25,"次の文で示す高齢者の機能評価はどれか。
「椅子から立ち上がり、3m先の目印を回って、再び椅子に座るまでの歩行時間を測定する。」",PCGモラールスケール,ロコモ度テスト,タイムドアップアンドゴーテスト,バーセルインデックス,3,
東洋医学臨床論,25,"次の文で示す症例に対する治療でデルマトームを応用した経穴として最も適切なのはどれか。
「22歳の女性。主訴は便秘。便意の抑制の習慣化により発症した。近医を受診し、器質的病変は認められなかった。」",膈兪,中髎,胃兪,大腸兪,2,
東洋医学臨床論,25,"次の文で示す症例で行った検査法はどれか。
「55歳の男性。最近、耳の聞こえが悪くなり来院した。音叉を鳴らし、その把持部を乳様突起に当て、音が聞こえなくなった後、外耳孔近くで音叉の音を聞かせた。」",ビング検査,ロンベルグ検査,リンネ検査,ウェーバー検査,3,
東洋医学臨床論,25,下顎を挙上し後方移動すると顎関節が痛む場合、主動作筋への局所治療穴として最も適切なのはどれか。,頬車,顴髎,曲鬢,下関,3,
東洋医学臨床論,25,"「24歳の男性。1か月前から右下肢痛を自覚。近医を受診してMRI検査にて椎間板ヘルニアと診断された。SLRテスト陽性。アキレス腱反射減弱。」
痛みを評価する方法として最も適切なのはどれか。",ロールシャッハテスト,CMI,ニューメリカル レイティング スケール（NRS）,ローランドモリス ディスアビリティ クエスチョナリー（RDQ）,3,
東洋医学臨床論,25,"「24歳の男性。1か月前から右下肢痛を自覚。近医を受診してMRI検査にて椎間板ヘルニアと診断された。SLRテスト陽性。アキレス腱反射減弱。」
障害神経根のデルマトーム領域に治療穴を求める場合、最も適切なのはどれか。",陥谷,殷門,太渓,束骨,4,
東洋医学臨床論,25,"「68歳の男性。主訴は呼吸困難。体を動かすと呼吸が苦しくなる。樽状胸を呈し、痩せている。呼吸機能検査で1秒率の低下および胸部エックス線写真で肺野の透過性亢進を認めた。ブリンクマン指数は960。」
本症例の疾患で最も考えられるのはどれか。",肺癌,COPD,気管支拡張症,間質性肺炎,2,
東洋医学臨床論,25,"「68歳の男性。主訴は呼吸困難。体を動かすと呼吸が苦しくなる。樽状胸を呈し、痩せている。呼吸機能検査で1秒率の低下および胸部エックス線写真で肺野の透過性亢進を認めた。ブリンクマン指数は960。」
本症例の呼吸機能を改善することを目的とした鍼治療で、最も適切な対象となる筋はどれか。",菱形筋,大胸筋,棘上筋,前鋸筋,2,
東洋医学臨床論,25,"｢23歳の女性。体操の選手で運動性無月経がみられる。東洋医学的所見では顔色は白く、肌につやがない。舌は淡白、脈は細。」
本症例の無月経の原因で適切なのはどれか。",高プロラクチン血症,貧血,利用できるエネルギー不足,プロゲステロン不足,3,
東洋医学臨床論,25,"｢58歳の女性。主訴は右手掌の痛み・しびれ。痛みの部位は小指を除く手掌部である。」
本症例に行った徒手検査法で陽性を示すのはどれか。",ファレンテスト,インピンジメントテスト,チェアテスト,トムゼンテスト,1,
東洋医学臨床論,25,"｢58歳の女性。主訴は右手掌の痛み・しびれ。痛みの部位は小指を除く手掌部である。」
本症例の病態部位への刺鍼で適切なのはどれか。",舟状骨結節と豆状骨を結んだ線の中央部,手関節掌側横紋上で尺側手根屈筋腱の尺側直側部,手関節掌側横紋上で橈側手根屈筋腱の橈側直側部,手関節掌側横紋上で長掌筋腱の尺側直側部,1,
東洋医学臨床論,26,"次の文で示す患者の病証に対して経脈の疏通を目的として治療する場合、最も適切な治療穴はどれか。
「56歳の男性。主訴は右肩関節痛。右手で引き戸を右に開こうとする動作時に激痛が起こる。整形外科では、四辺形間隙症候群と診断された｡」 ",後渓 ,液門 ,二間 ,魚際 ,1,
東洋医学臨床論,26,"次の文で示す患者の病証に対する治療穴で最も適切なのはどれか。
「65歳の男性。1週間前に食べ過ぎて胃のもたれ感の後､右上の奥の歯茎が腫れて痛むようになってきた。腹診では上腹部に緊張と熱感 がみられ、右関上の脈は滑数。舌質はやや紅、中央に黄厚膩苔｡」 ",腎経の栄火穴 ,胃経の栄水穴 ,大腸経の栄水穴 ,脾経の栄火穴 ,2,
東洋医学臨床論,26,"次の文で示す患者の病証に対する治療方針で最も適切なのはどれか。
「40歳の男性。主訴は肩こり。人間関係のトラブルから徐々に自覚。頸肩部の動作時痛や牽引感はないが、肩の張りが持続する。ひどくなると咽に何かがつかえた感じがする｡」 ",肝気を疏通し気滞を除く。 ,腎気を補益する。 ,陽明経を疏通する。 ,肝腎経を補う。 ,1,
東洋医学臨床論,26,経脈病証で先に手の陽明経が病み､次に手の太陰経が病んだ場合､原絡配穴法の原則に従った選穴で 正しい組合せはどれか。 ,太淵――――偏歴 ,偏歴――――合谷 ,合谷――――列欠 ,列欠――――太淵 ,3,
東洋医学臨床論,26,"次の文で示す患者の病証に対する治療方針で最も適切なのはどれか。
「24歳の男性。主訴は頚か ら上の痒み。以前からアトピー性皮膚炎による痒みがあったが、症状の変化が激しくなってきた。悪化すると滲出性になる。普段から甘いものを好み､過食すると悪化する。舌苔は白膩､脈は滑」 ",風寒の邪を除く。 ,運化作用を高め､湿を化す。 ,血を養い、燥を潤す。 ,血熱を除く。 ,2,
東洋医学臨床論,26,季節に応ずる脈状で、8月下旬に鍼灸治療を行う場合、難経十五難に基づいて健康と判断するのは どれか。 ,やや弦 ,やや鈎 ,やや石 ,やや毛 ,4,
東洋医学臨床論,26,"次の文で示す患者の病証に対する治療方針で最も適切なのはどれか。
「35歳の女性。主訴は月経 痛。1年前に第4子を出産してから月経後に疲労・倦怠感が強くなり、足腰がだるく、耳鳴りもある。経血 は色が淡く、量は少なく稀薄。舌質は淡、脈は沈細｡」 ",肝気を疏通し、瘀血を去る。 ,下焦を温め、痛みを緩和する。 ,肝腎経を補益する。 ,陰液を養い、熱を去る。 ,3,
東洋医学臨床論,26,"次の文で示す症例に対して障害部位を走行する経脈の同名経の治療穴で最も適切なのはどれか。 
「52歳の男性。主訴は膝外側の痛み。最近、趣味である朝のジョギング時に膝外側の痛みを自覚したこと から来院。徒手検査でグラスピングサインが陽性であった｡」 ",下廉 ,大陵 ,会宗 ,少府 ,3,
東洋医学臨床論,26,"次の文で示す症例に対して障害神経を考慮して循経取穴を行う場合、最も適切な治療穴はどれか。
 「46歳の女性。最近、指尖で物をつまむピンチ動作ができなくなったため来院。ティアドロップ徴候は陽 性｡知覚障害は認められなかった｡｣ ",肘髎 ,小海 ,消濼 ,曲沢 ,4,
東洋医学臨床論,26,十二刺のうち､筋の異常緊張に対して関節近傍の腱に刺鍼するのはどれか。 ,賛刺 ,短刺 ,陰刺 ,恢刺,4,
東洋医学臨床論,26,"「37歳の男性。主訴は不眠。仕事の期限に間に合わせるため長時間労働が続き、疲労感とともに 肩こり、腹部膨満感、中途覚醒に悩まされている。よくため息をつく。舌診では舌辺が赤く、腹診では胸脇 苦満が認められた｡」
本症例が示す病証でみられやすい脈状はどれか。 ",浮脈 ,弦脈 ,濇脈 ,滑脈 ,2,
東洋医学臨床論,26,"「37歳の男性。主訴は不眠。仕事の期限に間に合わせるため長時間労働が続き、疲労感とともに 肩こり、腹部膨満感、中途覚醒に悩まされている。よくため息をつく。舌診では舌辺が赤く、腹診では胸脇 苦満が認められた｡」
本症例の病証で最も適切なのはどれか。 
",肝気鬱結 ,心気虚 ,脾気虚 ,腎陰虚 ,1,
東洋医学臨床論,26,"「69歳の男性。主訴は頻尿。一晩に2、3回トイレに行く。泌尿器科で過活動膀胱と診断され た。舌診では舌根部の舌苔が厚く、腹診では下腹部の軟弱がみられた。脈診では左尺中の沈が虚であっ た。」
本症例に対して難経六十九難に基づき、一つは肺経の経金穴を配穴した。もう一つの治療穴の部位は どれか。 ",足内側、内果後下方、踵骨上方、アキレス腱付着部内側前方の陥凹部 ,足内側、内果尖の下方1寸、内果下方の陥凹部 ,下腿後内側、アキレス腱の前縁､内果尖の上方2寸 ,下腿内側、脛骨内縁の後方の陥凹部、内果尖の上方2寸 ,3,
東洋医学臨床論,26,医療面接で開放的質問に相当するのはどれか。 ,今日はどうされましたか。 ,いつから痛みますか。 ,アレルギーをおもちですか。 ,過去に大きな病気にかかったことがありますか。,1,
東洋医学臨床論,26,徒手検査所見と罹患部への局所治療穴の組合せで最も適切なのはどれか。 ,フローマン徴候陽性―――――神門 ,アイヒホツフテスト陽性―――陽池 ,トムゼンテスト陽性―――――陽渓 ,ファレンテスト陽性―――――経渠,1,
東洋医学臨床論,26,"次の文で示す症例に対する鍼灸の効果を評価するのに最も適切なのはどれか。
「62歳の女性。主 訴は肩こり。半年ほど前から興味や喜びがわかなくなり、食欲が減退し、よく眠れず朝早く目が覚める。疲れやすく思考力が低下している。幻覚や記憶の障害はなく、動悸、めまいもない｡」 ",改訂長谷川式簡易知能評価スケール ,ハミルトン評価尺度 ,タイムドアップアンドゴーテスト ,ロコモ度テスト ,2,
東洋医学臨床論,26,"次の文で示す患者の病態に対し、罹患局所への施術対象となる神経根で最も適切なのはどれか。
「40歳の男性。腰椎椎間板ヘルニアを発症し、腰下肢痛がある。患側の母指底屈筋力の低下、アキレス腱 反射減弱、足底の知覚鈍麻がみられた。」 ",L3神経根 ,L4神経根 ,L5神経根 ,S1神経根 ,4,
東洋医学臨床論,26,頚部の神経根障害により手関節背屈と肘関節屈曲の筋力低下がみられる患者に対し、デルマトーム を考慮して治療する場合、最も適切な治療穴はどれか。 ,曲池 ,曲沢 ,小海 ,少海 ,1,
東洋医学臨床論,26,肩甲骨の下方回旋筋拘縮による肩の外転障害がみられる場合､局所施術部位として最も適切なのは どれか。 ,肩井 ,肩外兪 ,膏肓,扶突 ,3,
東洋医学臨床論,26,末梢神経麻痺と罹患筋への低周波鍼通電療法で用いる経穴との組合せで最も適切なのはどれか。 ,橈骨神経麻痺――――手五里・温溜 ,正中神経麻痺――――尺沢・通里 ,深腓骨神経麻痺―――陽輔・懸鍾 ,脛骨神経麻痺――――条口・解渓 ,1,
東洋医学臨床論,26,"次の文で示す症例に対し、局所治療穴を定めるための徒手検査で陽性になる可能性が最も高いのは どれか。
「21歳の男性。大学で水泳部に所属し、専門はフリースタイル。肩の外転、屈曲時に肩前外側に 痛みを呈する｡」 ",イートンテスト ,エデンテスト ,インピンジメントテスト ,リフトオフテスト ,3,
東洋医学臨床論,26,"次の文で示す神経麻痺の罹患神経に対して低周波鍼通電療法を行う場合、経穴の組合せとして最も 適切なのはどれか。
「手背の骨間溝が著明で鈎爪指がみられるが、パーフェクト0は正常であった｡」 ",偏歴―――――曲池 ,太淵―――――孔最 ,内関―――――郄門 ,支正―――――小海 ,4,
東洋医学臨床論,26,"次の文で示す症例に対する治療穴で最も適切なのはどれか。
「35歳の女性。職業は事務員。右前 腕前面近位部の疼痛と第1指から第4指撓側半の掌側および母指球にしびれがある。前腕の回内動作に抵抗 を加えると症状が増悪する。ファレンテスト陰性｡」 ",手三里 ,孔最 ,大陵 ,四瀆 ,2,
東洋医学臨床論,26,"「69歳の男性。主訴は頻尿。一晩に2、3回トイレに行く。泌尿器科で過活動膀胱と診断され た。舌診では舌根部の舌苔が厚く、腹診では下腹部の軟弱がみられた。脈診では左尺中の沈が虚であった。」
本疾患の排尿に関する症状で最も適切なのはどれか。 ",残尿感 ,遷延性排尿 ,尿意切迫 ,再延性排尿 ,3,
東洋医学臨床論,26,"「36歳の女性。締め付けの強い下着をはくようにしたところ、最近、太ももの外側部に痛みとし びれが起こったので来院した。運動麻痺はない。MRIでは腰椎の異常はなかった｡」
本症例の障害神経はど れか。 ",第1・第2腰神経から起こり、大腰筋を貫く神経 ,第2・第3腰神経から起こり、大腰筋と腸骨筋の間を斜め外側下方に走る神経 ,第4・第5腰神経および第1・第2・第3仙骨神経から起こり、梨状筋下孔を通過する神経 ,第2・第3・第4腰神経から起こり､筋裂孔を通過する神経 ,2,
東洋医学臨床論,26,"「36歳の女性。締め付けの強い下着をはくようにしたところ、最近、太ももの外側部に痛みとしびれが起こったので来院した。運動麻痺はない。MRIでは腰椎の異常はなかった｡」
本症例に対する刺鍼部 位として最も適切なのはどれか。 ",上後腸骨棘と大転子を結んだ中点より垂直に約3cm下がった部位 ,第4腰椎と第5腰椎棘突起間の外側約2cmの部位 ,上前腸骨棘より約2.5cm内方でそこから下に約2.5cmの部位 ,鼠径靱帯の直下で大腿動脈拍動部の外方約1cmの部位 ,3,
東洋医学臨床論,27,脈証と治療方針の組合せで最も適切なのはどれか。,ざらざらとして流れの悪い脈　―――　気を巡らせ活血する。,輪郭は触れるが中が空虚な脈　―――　肝の疏泄を調節する。,玉が転がるような脈　―――　心熱を清瀉する。,絹糸に触れるような力のある脈　―――　気血を補益する。,1,
東洋医学臨床論,27,東洋医学的な治療方針として、身体を温めるべき症状はどれか。,盗　汗,口　苦,消穀善飢,白色帯下,4,
東洋医学臨床論,27,"次の文で示す患者の病証で最も適切なのはどれか。
「80 歳の男性。日頃から腰下肢にだるさがあり、顔や目が赤く、頭や肩に張ったような痛みもあった。昨日、トイレで倒れ、舌が強ばって話しづらくなり、左の上下肢が麻痺した。」",肝腎陰虚,肝風内動,肝陽上亢,肝気鬱結,2,
東洋医学臨床論,27,"次の文で示す患者の病証に対する治療方針で最も適切なのはどれか。
「27 歳の女性。長時間の VDT 作業で目に疲れと乾きを感じる。視力も低下し、疲れがたまると時々手がふるえる。舌質は淡、舌苔は薄、脈は細。」",肝血を補う。,脾陽を補う。,腎陰を補う。,肺気を補う。,1,
東洋医学臨床論,27,"次の文で示す患者の病証に対する治療で最も適切なのはどれか。
「38 歳の男性。主訴は鼻閉と鼻汁。鼻汁は黄色く粘りがあり量も多い。日中は頭がぼんやりすることが多く、皮膚掻痒感や嗅覚障害もある。舌質は紅、胖大舌。」",太淵に補法を行う。,太白に補法を行う。,豊隆に瀉法を行う。,風門に瀉法を行う。,3,
東洋医学臨床論,27,"次の文で示す患者の病証に対する治療穴として、経脈の異常に基づく選穴で最も適切なのはどれか。
「60 歳の男性。主訴は右上の歯茎の痛み。長期間ストレスが続き、 3 日前から胸焼けとともに歯茎が腫れて軽く噛み合わせても痛む。脈は右関上が浮滑。」",上　関,内　庭,觀　髎,合　谷,2,
東洋医学臨床論,27,"次の文で示す患者の病証に対する治療方針として最も適切なのはどれか。
「46 歳の男性。主訴は肩こり。仕事で神経を使うことが多く肩こりが気になり始めた。イライラしやすく、こりがひどくなると肩上部のつまった感じがする。脈は左関上が弦。」",気を散らす。,脾気を補う。,運化を促す。,瘀血を除く。,1,
東洋医学臨床論,27,"次の文で示す患者の病態に対し、罹患局所への施術対象となる経穴で最も適切なのはどれか。
「28 歳の女性。テニスを 10 年続けて上級者となってきた。 2 週間ほど前から肘の内側に痛みを感じるようになった。熱感や腫脹はない。」",肺経の絡穴,心包経の郄穴,大腸経の絡穴,三焦経の郄穴,2,
東洋医学臨床論,27,"次の文で示す患者の病証に対し、募穴を用いて施術する際、最も適切な組合せはどれか。
「27 歳の女性。精神的ストレスにより便秘と下痢を繰り返している。腹痛は排便により軽減する。痩せ型で腹鳴もみられることがある。」",期　門　―――　章　門,日　月　―――　期　門,中　脘　―――　章　門,京　門　―――　章　門,1,
東洋医学臨床論,27,"次の文で示す病証に対して治療すべき足の経脈・経筋として最も適切なのはどれか。
「26 歳の男性。主訴は膝の痛み。 4 日前に宴会で食べ過ぎた。その後、背中の張り感やだるさとともに、趣味のバスケットボールでジャンプしたときに膝に痛みを自覚する。舌中央部に黄厚膩苔がある。」",太陰経,厥陰経,陽明経,少陽経,3,
東洋医学臨床論,27,"「18 歳の男性。昨日雨に濡れ、その夜から悪寒、発熱、後頭部痛が出現した。脈は浮緊、舌は淡紅で薄白苔。咳、痰、鼻水はない。」
本症例の病証で最も適切なのはどれか。",肺気虚証,手太陰経脈病証,足太陽経脈病証,風寒表実証,4,
東洋医学臨床論,27,"「18 歳の男性。昨日雨に濡れ、その夜から悪寒、発熱、後頭部痛が出現した。脈は浮緊、舌は淡紅で薄白苔。咳、痰、鼻水はない。」
本症例に対する治療方針として適切なのはどれか。",宣散作用を調節する。,経脈を疏通する。,温めて補う。,表を開き発散させる。,4,
東洋医学臨床論,27,"「63 歳の女性。主訴は尿もれ。咳をしたり、重い荷物を持ったりすると尿がもれる。腰背部がだるく、足が冷える。舌は淡で歯痕、脈は沈細。」
本症例の病証に対し、難経六十九難による鍼治療で使用するのはどれか。",大　都,太　白,経　渠,曲　泉,3,
東洋医学臨床論,27,"「78 歳の女性。主訴は疲労感。最近、疲れやすく、動くのが面倒になった。意欲が低下し、食欲も減退している。病院ではサルコペニアと言われた。」
本症例の病証で最もみられる脈状はどれか。",滑　脈,結　脈,緩　脈,弦　脈,3,
東洋医学臨床論,27,上腕骨外側上顆炎の患者に対する SOAP 方式による記録で、P に相当するのはどれか。,タオルがしぼりにくい,トムゼンテスト陽性,動作後のアイシング,短橈側手根伸筋の過緊張,3,
東洋医学臨床論,27,レイノー現象を呈する患者の局所へ低周波鍼通電療法を行う場合、最も適切なのはどれか。,八　邪,四　華,闌　尾,四神聡,1,
東洋医学臨床論,27,高齢者の歩行能力に対する鍼治療の効果を評価するのに最も適切なのはどれか。,RDQ,改訂 PGC モラールスケール,ハミルトン評価尺度,タイムドアップアンドゴーテスト,4,
東洋医学臨床論,27,眼の疲労に対して下頭斜筋ヘ刺鍼する場合、最も適切なのはどれか。,玉　枕,風　池,大　杼,頭　維,2,
東洋医学臨床論,27,"次の文で示す症例について、身体診察でみられる可能性が最も高いのはどれか。
「54 歳の男性。半年前から右肩関節の疼痛が出現した。最近では疼痛は幾分軽減したが運動制限が顕著となった。ADL では衣服の着脱が不自由であり、結帯動作の制限がある。医療機関で肩関節周囲炎と診断されている。」",ドロップアームサイン陽性,ルーステスト陽性,肩甲上腕リズム正常,エンドフィール明瞭,4,
東洋医学臨床論,27,局所治療穴として曲池が最も適切なのはどれか。,ティネル徴候陽性,ファレンテスト陽性,チェアテスト陽性,フローマン徴候陽性,3,
東洋医学臨床論,27,切迫性尿失禁に対して体性−内臓反射に基づいた治療穴として最も適切なのはどれか。,三焦兪,志　室,中　髎,中　注,3,
東洋医学臨床論,27,"次の文で示す症例に対して神経を介した治療部位として最も適切なのはどれか。
「52 歳の女性。 1 年前に子宮癌で摘出手術を受けた。転移はない。会陰部の痛みとともに、尿失禁も起こるようになった。」",上後腸骨棘と大転子頂点の中点の下方 4 cm の点,上後腸骨棘と坐骨結節下端内側を結ぶ線の上から 50〜60 ％の点,仙骨角と大転子頂点の中点,尾骨先端と大転子頂点の中点,2,
東洋医学臨床論,27,"次の文で示す症例の圧痛点に対する局所治療穴として最も適切なのはどれか。
「20 歳の女性。高校時代にバレーボール部の活動で前距腓靱帯損傷を繰り返し起こしていた。罹患靱帯のやや下方に圧痛と歩行時痛があり、近医で足根洞症候群と診断された。」",解　渓,照　海,申　脈,丘　墟,4,
東洋医学臨床論,27,より高次な生活能力を評価する指標（老研式活動能力指標）に含まれる項目はどれか。,髪を整える,衣服の着脱,階段の昇降,銀行預金の出し入れ,4,
東洋医学臨床論,27,"「63 歳の女性。主訴は尿もれ。咳をしたり、重い荷物を持ったりすると尿がもれる。腰背部がだるく、足が冷える。舌は淡で歯痕、脈は沈細。」
本症例の尿もれと最も関係するのはどれか。",骨盤底筋群,大殿筋,膀胱排尿筋,腹直筋,1,
東洋医学臨床論,27,"「78 歳の女性。主訴は疲労感。最近、疲れやすく、動くのが面倒になった。意欲が低下し、食欲も減退している。病院ではサルコペニアと言われた。」
本症例の診断に用いないのはどれか。",握　力,歩行速度,骨格筋量,酸素飽和度,4,
東洋医学臨床論,28,「治未病」について誤っているのはどれか。,病気になる前の予防に重点を置く。,治療すべきタイミングに配慮する。,病の兆しを見つけたら早朝に治療を開始することに重点を置く。,五臓の病があれば、その母にあたる臓の治療に重点を置く。,4,
東洋医学臨床論,28,着痺に対して補瀉を考えて刺鍼する場合の適切な手法はどれか。,抜針後に鍼孔を閉じる。,浅く入れ、後に深くする。,吸気時に刺入し、呼気時に抜く。,経絡の流注方向に沿って刺入する。,3,
東洋医学臨床論,28,頑固な腰痛に対する治療で、腰部に鍼を2本使用して行うのはどれか。,偶　刺,斉　刺,揚　刺,傍鍼刺,4,
東洋医学臨床論,28,"次の文で示す症例の治療方針として調整すべき経絡で最も適切なのはどれか。
「33歳の女性。主訴は全身の痛み。3年前から全身の疼痛に悩まされ、最近になって線維筋痛症と診断された。食欲がなく、雨天時には特に調子が悪く、起き上がることもできない。」",陰維脈,陰蹻脈,脾の大絡,胃の大絡,3,
東洋医学臨床論,28,"次の文で示す患者の病証に対する治療で最も適切な経脈はどれか。
「38歳の女性。もともと喘息の持病があったが、最近、反抗期の息子に怒ってばかりでイライラし、症状が頻発し、咳も出るようになった。口が苦く咳をすると胸脇部が痛む。舌質紅、舌は薄黄苔、脈は弦数。」",手の太陰経と足の厥陰経,手の太陰経と足の太陰経,手の少陰経と足の厥陰経,手の少陰経と足の太陰経,1,
東洋医学臨床論,28,"次の文で示す患者の病証として最も適切なのはどれか。
「42歳の女性。主訴は頻尿と排尿時痛。尿は途切れがちで黄色く混濁している。会陰部の違和感や残尿感もみられる。舌質紅、脈は滑数。」",脾腎両虚,肝腎陰虚,膀胱湿熱,大腸湿熱,3,
東洋医学臨床論,28,"次の文で示す症例に対して灸治療を行う場合に最も適切な経穴はどれか。
「60歳の女性。主訴は陰部掻痒感。4日前に深酒をした。昨日より右膝内側から大腿部内側のひきつれ感がある。脈は左関上の浮数滑。」",脛骨内縁の後際、内果尖の上方3寸,前脛骨筋の外縁、外果尖の上方8寸,腓骨の前方、外果尖の上方5寸,脛骨内側面の中央、内果尖の上方5寸,4,
東洋医学臨床論,28,"次の文で示す症例の治療穴として太衝とともに用いる原穴はどれか。
「49歳の女性。半年ほど前から、めまい、顔のほてりが起こりやすく、汗が出やすい。腰や膝がだるく、力が入らない。閉経している。舌質紅、脈細数。」",太　白,太　渓,大　陵,太　淵,2,
東洋医学臨床論,28,"次の文で示す症例で経脈を考慮した治療穴として最も適切なのはどれか。
「19歳の男性。2か月前に左足関節の内がえし捻挫を起こし、今も痛みが取れない。イライラしやすく、左肩上部のつっぱり感がある。」",第1・第2足指間、みずかきの近位、赤白肉際,第2・第3足指間、みずかきの後縁、赤白肉際,第5中足指節関節外側の遠位陥凹部、赤白肉際,第4・第5足指間、みずかきの近位、赤白肉際,4,
東洋医学臨床論,28,腰部脊柱管狭窄症に対する診療においてSOAP形式で記録する場合、Aに該当するのはどれか。,間欠跛行距離300m,腰下肢への低周波鍼通電療法,ケンプ徴候陽性,神経根型,4,
東洋医学臨床論,28,筋肉痛に対する局所施術として、罹患筋と治療穴の組合せで正しいのはどれか。,三角筋　-----　消　濼,上腕三頭筋　-----　臂　臑,薄　筋　-----　膝　関,後脛骨筋　------　築　賓,3,
東洋医学臨床論,28,"次の文で示す患者の患側の徒手検査所見で、みられる可能性が最も高いのはどれか。
「60歳男性。2か月前から右頸肩上肢に痛みがある。近医にて頸椎症によるC6神経根障害と言われた。」",モーレイテスト陽性,腕橈骨筋反射減弱,ホフマン反射陽性,中指の触覚麻痺,2,
東洋医学臨床論,28,"次の文で示す症状に対して罹患神経近傍へ施術する場合、最も適切な経穴はどれか。
「手の骨間筋の萎縮がみられ、フローマン徴候陽性である。」",尺　沢,手五里,小　海,内　関,3,
東洋医学臨床論,28,罹患筋支配の神経近傍への刺鍼を行う場合、症状と治療穴の組合せで最も適切なのはどれか。,閉眼困難　-----　完　骨,足関節外がえし困難　-----　陽陵泉,手関節背屈困難　-----　曲　沢,近位指節間関節屈曲困難　-----　手五里,2,
東洋医学臨床論,28,罹患筋への治療穴として天泉を用いる疾患で、陽性となる可能性が最も高い理学検査はどれか。,スピードテスト,ペインフルアークサイン,フローマン徴候,ティアドロップ徴候,1,
東洋医学臨床論,28,"次の文で示す症例について、陽性となる可能性が最も高い理学検査はどれか。
「45歳の男性。2か月前から左腰下肢に痛みを感じる。前かがみで痛みが増強する。左足底部の知覚鈍麻、アキレス腱反射は減弱。間欠跛行はみられない。」",FNSテスト,ボンネットテスト,ゲンスレンテスト,アリス徴候,2,
東洋医学臨床論,28,咬筋の過緊張による顎関節症に対する局所治療穴として最も適切なのはどれか。,頬　車,上　関,地　倉,顴　髎,1,
東洋医学臨床論,28,高齢者に対する評価法とその目的との組合せで正しいのはどれか。,バーセルインデックス　-----　認知症の評価,改訂PGCモラールスケール　-----　歩行機能の評価,MMSE　------　ADLの評価,ハミルトン評価　---------　抑うつ状態の評価,4,
東洋医学臨床論,28,徒手検査法の陽性所見と罹患筋への治療穴との組合せで適切なのはどれか。,トンプソンテスト　-----　豊　隆,トムゼンテスト　-----　支　正,足関節内反ストレステスト　-----　照　海,グラスピングテスト　-----　膝陽関,4,
東洋医学臨床論,28,"次の文で示す患者の罹患筋に対する治療穴として最も適切なのはどれか。
「20歳の男性。ラグビーで反復性の肩関節脱臼を起こしている。先日、脱臼して整復されたが、肩の外側にしびれと筋の脱力感による挙上制限がみられた。」",巨　骨,秉　風,臂　臑,天　窓,3,
東洋医学臨床論,28,"「71歳の男性。100ｍの歩行で左下腿後面に絞扼痛が出現、休息で軽快。仰臥位で両下肢を挙上させ30秒足趾を屈曲させると患側足底部が白くなる。SLRテスト陰性。」
身体診察で患側下肢にみられる所見はどれか。",ケンプ徴候陽性,足底部の触覚鈍麻,アキレス腱反射減弱,足背動脈拍動減弱,4,
東洋医学臨床論,28,"「71歳の男性。100ｍの歩行で左下腿後面に絞扼痛が出現、休息で軽快。仰臥位で両下肢を挙上させ30秒足趾を屈曲させると患側足底部が白くなる。SLRテスト陰性。」
本症例で、症状のある筋の支配神経近傍に刺鍼し、低周波鍼通電療法を行う場合、最も適切な経穴はどれか。",陰　廉,委　中,足三里,陽陵泉,2,
東洋医学臨床論,28,"「26歳の男性。主訴は腹痛と下痢。IT企業でストレスの多い仕事に従事している。1日数回排便する。器質的な病変はない。」
下痢の病態で最も適切なのはどれか。",消化管からの分泌亢進,消化管運動の亢進,消化管知覚閾値の上昇,消化管支配の交感神経機能亢進,2,
東洋医学臨床論,28,"「26歳の男性。主訴は腹痛と下痢。IT企業でストレスの多い仕事に従事している。1日数回排便する。器質的な病変はない。」
本症例の病証として最も適切なのはどれか。",脾気虚,脾腎陽虚,肝脾不和,腎気虚,3,
東洋医学臨床論,28,"「18歳の男性。主訴は頭痛。7日前に薄着で体が冷え、その日の夜から悪寒、発熱、頭痛を自覚し、風邪薬を飲んでも完治しない。咳と痰はなく、汗をかきやすい。舌は薄白苔、脈は浮緩。」
病証として最も適切なのはどれか。",肺陰虚証,手の太陰経脈病証,手の少陰経脈病証,風寒表虚証,4,
東洋医学臨床論,28,"「18歳の男性。主訴は頭痛。7日前に薄着で体が冷え、その日の夜から悪寒、発熱、頭痛を自覚し、風邪薬を飲んでも完治しない。咳と痰はなく、汗をかきやすい。舌は薄白苔、脈は浮緩。」
本症例に対する治療として適切なのはどれか。",背部兪穴を瀉して去風する。,肺経の要穴を使って陰液を補う。,膀胱経の要穴を使って経脈を疏通する。,肺経の要穴を補して表を閉じる。,4,
東洋医学臨床論,29,特発性三叉神経痛の好発部位に対する局所治療穴として最も適切なのはどれか。,陽　白,四　白,印　堂,魚　腰,2,
東洋医学臨床論,29,"「54 歳の男性。数日前から左耳に痛みがあり、しばらくしてから外耳道に水疱が出現した。同側の表情筋の麻痺と聴力の低下を伴っている。」
罹患筋を広範囲に刺激するのに最も適切な治療穴はどれか。",糸竹空,巨　髎,顴　髎,翳　風,4,
東洋医学臨床論,29,"次の文で示す症例の罹患筋に対する刺鍼部位として最も適切なのはどれか。
「20 歳の男性。右利き投手。オーバースロー投球時のコッキング期に右肩峰の前下方に痛みが出る。インピンジメントテスト陽性。」",秉　風,肩　貞,天　宗,肩外兪,1,
東洋医学臨床論,29,"次の文で示す症例で罹患神経の絞扼部位に対する刺鍼部位として最も適切なのはどれか。
「33歳の女性。主訴は右手掌の母指から環指橈側にかけての痛みとしびれ。妊娠中に発症し、出産後、家事と育児で症状が増悪し、物がつまみにくくなった。」",肘頭と上腕骨外側上顆の間,肘頭と上腕骨内側上顆の間,橈側手根隆起と尺側手根隆起の間,豆状骨と有鈎骨鈎の間,3,
東洋医学臨床論,29,"次の文で示す症例の神経絞扼部に対する刺鍼部位として最も適切なのはどれか。
「28 歳の女性。職業は鍼灸師。回外位で左前腕にカバンを引っかけて持つことが多く、内側上顆から肘窩内側縁に沿った張り感とともに左手掌橈側にしびれを自覚する。最近、左手で艾を捻ることが困難である。」",孔最と少海の間,曲池と曲沢の間,間使と大陵の間,手三里と支正の間,1,
東洋医学臨床論,29,下肢の末梢神経障害,伏　兎　---　陰　市,委　中　---　承　山,地　機　---　三陰交,足三里　---　下巨虚,4,
東洋医学臨床論,29,L4‒L5間の後外側への椎間板ヘルニアによる下肢の痛みに対する局所治療穴として最も適切なのはどれか。,承　筋,陰　谷,地　機,足三里,4,
東洋医学臨床論,29,"次の文で示す症例の拘縮がみられる筋に対する局所治療穴として最も適切なのはどれか。
「73歳の女性。主訴は左股関節の痛み。3か月前から痛みがひどくなった。エックス線検査にて軟骨下骨の硬化、骨棘形成がみられた。トーマステストは陽性、トレンデレンブルグ徴候とエリーテストは陰性。」",居　髎,衝　門,秩　辺,髀　関,2,
東洋医学臨床論,29,"次の文で示す症例の原因となる筋への治療穴として最も適切なのはどれか。
「13 歳の男子。サッカーをしており、最近になり膝前下部の運動時痛と腫脹が認められた。」",髀　関,箕　門,豊　隆,三陰交,1,
東洋医学臨床論,29,スポーツ障害と罹患筋に対する局所治療穴の組合せで適切なのはどれか。,シンスプリント　---　三陰交,ジャンパー膝　---　足三里,フォアハンドテニス肘　---　曲　池,野球肩　---　雲　門,1,
東洋医学臨床論,29,過活動膀胱の患者に対する治療で、仙髄排尿中枢を介した治療穴として最も適切なのはどれか。,水　分,三焦兪,腎　兪,中　髎,4,
東洋医学臨床論,29,「72歳の男性。主訴は頻尿。難聴がある。トイレは我慢できるが、夜間に少量の尿失禁があり、前立腺肥大症と診断された。以前から腰が冷えてだるい。舌は淡、脈は弱を認める。」病態として最も適切なのはどれか。,溢流性尿失禁,切迫性尿失禁,反射性尿失禁,腹圧性尿失禁,1,
東洋医学臨床論,29,"次の文で示す症例に対する生活指導で最も適切なのはどれか。
「32 歳の女性。頸は細く、なで肩。長時間のパソコン作業で肩こりに続き、持続性の鈍痛が後頭部に出現。仕事を休むほどではない。悪心・嘔吐、光過敏は伴わない。」",パソコン作業時は肘掛けの使用を控える。,後頸部の筋群の筋力トレーニングを行わせる。,入浴はシャワーのみで済ませる。,現在より高さのある枕を使用させる。,2,
東洋医学臨床論,29,"「54 歳の男性。数日前から左耳に痛みがあり、しばらくしてから外耳道に水疱が出現した。同側の表情筋の麻痺と聴力の低下を伴っている。」
最も考えられる疾患はどれか。",ベル麻痺,脳幹梗塞,聴神経腫瘍,ラムゼイ・ハント症候群,4,
東洋医学臨床論,29,鍼施術で気胸を起こすリスクが最も高い経穴はどれか。,天　宗,身　柱,附　分,三焦兪,3,
東洋医学臨床論,29,"「24歳の女性。月経開始から2日間ほど月経痛が激しく、吐き気がある。腰痛もあるが、特に下腹部痛が強く憂うつになる。不正性器出血や月経周期の異常はなく、器質的な障害もない。」
下腹部痛の原因に最も関与するのはどれか。",ヒスタミン,アドレナリン,オキシトシン,プロスタグランジン,4,
東洋医学臨床論,29,"「45 歳の女性。主訴は倦怠感。 1か月前より強くなった。寒がりで、動作が緩慢である。食欲低下、便秘、月経過多、徐脈を認める。」
最もみられる身体所見はどれか。",体重減少,頸部腫脹,圧痕が残る浮腫,深部反射亢進,2,
東洋医学臨床論,29,次の文で示す患者の病証で最も適切なのはどれか。「51 歳の男性。 2 日前に強い寒冷環境で長時間の作業をした後、肩に固定性の痛みとこわばりが生じた。舌は淡、脈は緊を認める。」,行　痹,痛　痹,着　痹,熱　痹,2,
東洋医学臨床論,29,「45 歳の女性。主訴は倦怠感。 1か月前より強くなった。寒がりで、動作が緩慢である。食欲低下、便秘、月経過多、徐脈を認める。」病証として最も適切なのはどれか。,腎陰虚,胃気虚,脾陽虚,風寒犯肺,3,
東洋医学臨床論,29,「29 歳の女性。主訴は不眠。寝付きが悪い。起床時には四肢がだるい。足の冷えがあり、生ものを食べると下痢をしやすい。舌は淡白で胖大、脈は濡を認める。」病証として最も適切なのはどれか。,肝血虚,心気虚,脾陽虚,腎気虚,3,
東洋医学臨床論,29,次の文で示す患者の病証に対する治療方針として最も適切なのはどれか。「65歳の男性。 1か月前から腰下肢のだるさがあり、最近では耳鳴りが断続的に起こる。舌は紅、脈は細数を認める。」,肺陰を補う。,腎陰を補う。,肝陽を補う。,脾陽を補う。,2,
東洋医学臨床論,29,次の文で示す患者の病証に対する治療方針として最も適切なのはどれか。「36歳の女性。主訴は咳嗽。せき込むと粘稠で白色の痰を多量に喀出する。緩解と増悪を繰り返しながら 3 年が経過している。子どもの頃から食が細く、痩せている。舌は淡、白膩苔、脈は滑を認める。」,風寒の邪を取り除く。,瘀血を取り除く。,肺陰を補う。,運化を高める。,4,
東洋医学臨床論,29,次の文で示す患者の病証に対する治療方針として最も適切なのはどれか。「36歳の男性。主訴は焦燥感。仕事の重圧によりイライラする。最近は動悸があり、寝付きが悪い。顔が赤く、便秘である。舌尖は紅、脈は数有力を認める。」,肝陰を補う。,心火を瀉す。,脾陽を補う。,肺の痰湿を除く。,2,
東洋医学臨床論,29,次の文で示す患者の病証に対する治療方針として最も適切なのはどれか。「43 歳の男性。主訴は咳嗽。仕事が忙しくなると発作的にせき込む。痰が切れにくく、咽頭部に違和感があり、胸脇部が張る。舌は紅、脈は弦数を認める。」,腎陰を補う。,肺気を補う。,肝火を抑える。,痰濁を除く。,3,
東洋医学臨床論,29,「72歳の男性。主訴は頻尿。難聴がある。トイレは我慢できるが、夜間に少量の尿失禁があり、前立腺肥大症と診断された。以前から腰が冷えてだるい。舌は淡、脈は弱を認める。」治療方針として最も適切なのはどれか。,陰液を補う。,陽気を補う。,精の漏出を防ぐ。,痰を取り除く。,2,
東洋医学臨床論,29,次の文で示す患者に対し、八会穴を用いて治療を行う場合、膈兪とともに選穴するのはどれか。「47 歳の女性。 2か月前からめまいがあり、頭部 MRI 検査では異常はなかった。疲れやすく、風邪を引きやすい。爪の色が薄く、経血量の減少がある。舌は淡、脈は弱を認める。」,大　杼,膻　中,陽陵泉,懸　鍾,2,
東洋医学臨床論,29,次の文で示す病証に対する配穴の組合せで最も適切なのはどれか。「50 歳の女性。 3週間前に旅行で歩き過ぎて右殿部から大腿外側部のつっぱり感と痛みを自覚した。足先のしびれ、こむら返り、目の疲れも気になる。舌は淡白、脈は細を認める。」,肝　兪　---　足臨泣,腎　兪　---　束　骨,脾　兪　---　陥　谷,膀胱兪　---　然　谷,1,
東洋医学臨床論,29,「29 歳の女性。主訴は不眠。寝付きが悪い。起床時には四肢がだるい。足の冷えがあり、生ものを食べると下痢をしやすい。舌は淡白で胖大、脈は濡を認める。」病証に対する治療穴で最も適切なのはどれか。,太　衝,太　白,神　門,太　渓,2,
東洋医学臨床論,29,次の文で示す患者の経脈病証を原絡配穴法で治療する場合、主証で選穴するのはどれか。「28歳の男性。 2か月前から上歯痛や鼻出血、腹鳴がみられるようになり、昨日から舌根部や心窩部が痛み、食事をすると嘔吐するようになった。」,公　孫,太　白,衝　陽,豊　隆,3,
東洋医学臨床論,29,次の文で示す患者の病証に対し、八脈交会穴の配穴に基づき、手関節近傍の経穴に刺鍼した。もう一か所の刺鍼部位として最も適切なのはどれか。「50 歳の男性。主訴は上腹部痛。胸やけと悪心もある。」,足内側、第1中足骨底内側の遠位陥凹部,足内側、内果尖の下方1寸,足背、第4・第5中足骨底接合部の遠位,足外側、外果尖の直下,1,
東洋医学臨床論,29,脾の運化作用を介して湿を除くことにより治療できる痛みはどれか。,脹　痛,重　痛,刺　痛,隠　痛,2,
東洋医学臨床論,29,五臓の特徴的な症状と治療穴の組合せで正しいのはどれか。,五更泄瀉　---　太　衝,梅核気　---　太　淵,陽　萎　---　大　陵,多　夢　---　神　門,4,
東洋医学臨床論,29,次の文で示す患者の病証に対して十二刺の刺法に基づき治療する場合、刺鍼部位の指標となるのはどれか。「足先の強い冷えを感じ、ときには腰まで冷えが上ってくる。下痢をしやすい。」,大腿動脈拍動部,膝窩動脈拍動部,後脛骨動脈拍動部,足背動脈拍動部,3,
東洋医学臨床論,29,"「24歳の女性。月経開始から2日間ほど月経痛が激しく、吐き気がある。腰痛もあるが、特に下腹部痛が強く憂うつになる。不正性器出血や月経周期の異常はなく、器質的な障害もない。」
痛みの原因となっている器官名と同名の経穴に刺鍼する場合、その取り方として正しいのはどれか。",関元の外方5分,関元の外方2寸,中極の外方2寸,中極の外方3寸,4,
東洋医学臨床論,30,緊張型頭痛に対する局所治療について罹患筋と治療穴の組合せで正しいのはどれか。,側頭筋　-----　風　池,僧帽筋　-----　翳　風,後頭筋　-----　玉　枕,頭半極筋　---　脳　空,3,
東洋医学臨床論,30,顎関節症患者に対すて下顎骨の前方移動の作用がある筋を刺激する場合、最も適切なのはどれか。,下　関,牽　正,大　迎,太　陽,1,
東洋医学臨床論,30,頭部の神経痛と局所治療穴の組合せで正しいのはどれか。,三叉神経痛（第1枝）　-----　太　陽,大後頭神経痛　-----　完　骨,小後頭神経痛　-----　天　柱,大耳介神経痛　-----　瘈　脈,4,
東洋医学臨床論,30,"次の文で示す症例の障害神経根の部位で最も適切なのはどれか。
「55歳の男性。頸部の神経根症状により左肩関節外転筋力低下、左上腕二頭筋反射減弱、左上腕外側の知覚鈍麻がみられる。」",C3-C4間,C4-C5間,C6-C7間,C7-Th1間,2,
東洋医学臨床論,30,"「26歳の女性。なで肩で痩せている。主訴は右上肢全体の持続的なだるさ。腱反射は正常、スパーリングテスト、エデンテスト、ライトテストは陰性、アドソンテストは陽性。」
罹患筋への局所治療穴として適切なのはどれか。",屋　翳,気　戸,胸　郷,天　鼎,4,
東洋医学臨床論,30,"次の文で示す症例の治療対象となる筋で最も適切なのはどれか。
「40歳の女性。運動不足解消のためテニスを始めたところ、バックハンドストロークの際に肘の痛みを自覚するようになった。」",短橈側手根伸筋,尺側手根屈筋,腕橈骨筋,円回内筋,1,
東洋医学臨床論,30,"次の分で示す症例に対する局所治療穴として最も適切なのはどれか。
「38歳の女性。家事や子どもの世話が忙しく、最近になって手関節に痛みを感じるようになった。アイヒホッフテスト陽性。」",内　関,合　谷,列　欠,陽　池,3,
東洋医学臨床論,30,"次の文で示す症例で罹患神経に対する治療穴として最も適切なのはどれか。
「35歳の女性。妊娠に伴い母指から中指にかけてしびれｒが出現し、母指と示指で輪を作ろうとすると楕円形になる。」
",小　海,手五里,天　井,内　関,4,
東洋医学臨床論,30,"次の文で示す病態により生じたスポーツ外傷・障害に対する検査法はどれか。
「膝関節の屈伸動作時に、ある組織が大腿骨外側上顆で繰り返し摩擦を生じる一種の使いすぎ症候群である。」",エリーテスト,グラスピングテスト,マクマレーテスト,膝内反ストレステスト,2,
東洋医学臨床論,30,スポーツ障害と罹患筋に対する治療穴の組合せで最も適切なのはどれか。,上腕二頭筋長頭腱炎　-----　肩　髎,肩インピンジメント症候群　-----　肩外兪,ジャンパー膝　-----　鶴　頂,シンスプリント　-----　蘭　尾,3,
東洋医学臨床論,30,"次の文で示す症例に対する罹患筋への局所治療穴として適切なのはどれか。
「17歳の男性。陸上部で長距離走をしている。ランニングを開始すると下腿前方に痛みと腫れが出るが、数十分の安静で症状が消失する。近医で前方コンパートメント症候群と言われた。」",小腸の下合穴,膀胱の下合穴,三焦の下合穴,胆の下合穴,1,
東洋医学臨床論,30,サルコぺニアの症状はどれか。,知人の名前が思い出せなくなってきた。,油っこいものを食べることが減ってきた。,歩くスピードが遅くなってきた。,夜中のトイレの回数が多くなってきた。,3,
東洋医学臨床論,30,"次の文で示す症例で、鍼灸治療の効果を評価するのに最も適切なのはどれか。
「65歳の女性。1年前から生活に充実感がなく、気持ちが沈む。倦怠感、食欲不振を伴う。幻覚や記憶障害はない。」",改訂長谷川式簡易知能評価スケール,タイムドアップアンドゴーテスト,バーセル・インデックス,ハミルトン評価尺度,4,
東洋医学臨床論,30,末梢性顔面神経麻痺で過誤再生による後遺症はどれか。,兎　眼,ワニの涙,味覚脱失,聴覚過敏,2,
東洋医学臨床論,30,"「26歳の女性。なで肩で痩せている。主訴は右上肢全体の持続的なだるさ。腱反射は正常、スパーリングテスト、エデンテスト、ライトテストは陰性、アドソンテストは陽性。」
進行した際の症状として最も適切なのはどれか。",レイノー現象,筋トーヌス亢進,筋線維束れん縮,手指巧緻運動障害,1,
東洋医学臨床論,30,"「62歳の女性。主訴は腰痛。立位で腰椎の前弯が強く、骨盤が前傾している。膝関節のアライメントの異常はみられなかった。」
伸長し弱化している筋として最も適切なのはどれか。",大殿筋,大腰筋,大腿直筋,大腿筋膜張筋,1,
東洋医学臨床論,30,"「62歳の女性。主訴は腰痛。立位で腰椎の前弯が強く、骨盤が前傾している。膝関節のアライメントの異常はみられなかった。」
伸長し弱化している筋への局所治療穴として最も適切なのはどれか。",居　髎,衝　門,髀　関,胞　肓,4,
東洋医学臨床論,30,"次の文で示す病証として適切なのはどれか。
「32歳の女性。主訴は眼精疲労。最近、月経血の量が少なく色も薄くなった。緊張すると手がふるえ、夜中にこむら返りがおこりやすい。舌は淡白、脈は濇を認める。」",心気虚,腎精不足,脾不統血,肝血虚,4,
東洋医学臨床論,30,"次の文で示す病証で最も適切なのはどれか。
「58歳の女性。昨夜から陰部掻痒感を自覚。最近イライラすることが多く、飲酒量が増えた。舌辺に黄厚膩苔、脈は左関上の浮数滑を認める。」",胃陰虚,胃　熱,肝経湿熱,肝陽上亢,3,
東洋医学臨床論,30,"「25歳の男性。3か月前から膨満感を伴う上腹部痛、嘔気が続く。症状はストレスで増悪、噯気で軽快する。下痢はない。舌は薄黄苔、脈は弦を認める。
病証として最も適切なのはどれか。",肝胃不和,脾胃不和,脾腎陽虚,脾胃湿熱,1,
東洋医学臨床論,30,"「60歳の男性。主訴は足のむくみ。近医で乏尿ではないが、尿量が少ないと指摘された。残尿感はない。下痢しやすい。舌は胖嫩、歯痕、白厚膩苔、脈は滑を認める。」
治療すべき臓腑はどれか。",脾,心,肝,膀　胱,1,
東洋医学臨床論,30,"次の文で示す病症に対する治療方針として最も適切なのはどれか。
「43歳の女性。主訴は膝の痛み。1週間雨天が続き、症状が増悪している。昨日てんぷらを食べてから軟便である。舌は膩苔、脈は滑を認める。」",逆気を降ろす。,気をめぐらせる。,気穴を補う。,痰湿を除く。,4,
東洋医学臨床論,30,"次の文で示す病証に対する治療方針で最も適切なのはどれか。
「22歳の女性。主訴は月経痛。経血量は少なく、血塊が混じることがある。小腹部の冷痛と拒按がみられ、足が冷える。舌根に白厚苔、脈は沈遅を認める。」",肝鬱を抑える。,寒邪を除く。,脾の統血を促す。,肝腎の精血を補う。,2,
東洋医学臨床論,30,"次の文で示す病証に対する治療穴で最も適切なのはどれか。
「33歳の男性。主訴は上腹部の不快感。連日、飲食の不摂生が続き、悪心、嘔吐がみられる。腹部膨満、噯気、口臭を伴う。舌は厚苔、脈は滑実を認める。」",膻　中,梁　門,帯　脈,肓　兪,2,
東洋医学臨床論,30,"次の文で示す病証に対する治療穴で最も適切なのはどれか。
「46歳の女性。昨晩急なめまい発作があった。最近怒りっぽくなり、胸脇部の張り感がある。脈は弦を認める。」",地　機,中　都,水　泉,金　門,2,
東洋医学臨床論,30,"「60歳の男性。主訴は足のむくみ。近医で乏尿ではないが、尿量が少ないと指摘された。残尿感はない。下痢しやすい。舌は胖嫩、歯痕、白厚膩苔、脈は滑を認める。」
適切な治療穴はどれか。",尺側手根屈筋腱の橈側縁、手関節掌側横紋の上方1寸,第1中足骨底内側の遠位陥凹部、赤白肉際,脛骨内側面の中央、内果尖の上方5寸,腓腹筋外側頭下縁とアキレス腱の間、崑崙の上方7寸,2,
東洋医学臨床論,30,"次の文で示す病証で随伴症状として最もみられるのはどれか。
「27歳の男性。主訴は便秘。暑がりでよく汗をかき、便は硬く乾燥している。腹部膨満、口臭、顔面紅潮を伴う。舌は紅、黄燥苔、脈は実を認める。」",脱　肛,煩　躁,口　淡,小便清長,2,
東洋医学臨床論,30,"「25歳の男性。3か月前から膨満感を伴う上腹部痛、嘔気が続く。症状はストレスで増悪、噯気で軽快する。下痢はない。舌は薄黄苔、脈は弦を認める。
上腹部痛の性質として最も適切なのはどれか。",酸　痛,脹　痛,重　痛,隠　痛,2,
東洋医学臨床論,30,"「32歳の女性。主訴は月経時の下腹部および腰の痛み。主訴の部位と手足の冷えを伴い、温めると改善する。月経血は暗紫色で血塊が混じる。婦人科では機能性月経困難症と診断された。」
最もみられる脈状はどれか。",浮　緊,滑　数,遅　濇,細無力,3,
東洋医学臨床論,30,"次の文で示す経脈病証で障害されている経脈の同名経を施術する場合、最も適切な治療穴はどれか。
「72歳の男性。3日前から急に腰が痛くなり、身体を反らすことができなくなった。陰嚢の脹痛、胸痛、遺尿もみられる。」",霊　道,陽　谷,支　溝,間　使,4,
東洋医学臨床論,30,透熱灸を避けるべき経穴はどれか。,百　会,巨　髎,天　柱,角　孫,2,
東洋医学臨床論,30,"次の文で示す刺法はどれか。
「寒気の浅いとき、皮膚をつまんで引っ張りこれを刺す。」",直鍼刺,斉　刺,傍鍼刺,揚　刺,1,
東洋医学臨床論,30,"「32歳の女性。主訴は月経時の下腹部および腰の痛み。主訴の部位と手足の冷えを伴い、温めると改善する。月経血は暗紫色で血塊が混じる。婦人科では機能性月経困難症と診断された。」
デルマトームを考慮した治療を行う場合、最も適切な経穴はどれか。",臑　兪,腎　兪,足三里,三陰交,2,
東洋医学臨床論,30,"次の文で示す病証に対する経脈を考慮した治療穴として最も適切なのはどれか。
「65歳の男性。2日前に新型コロナワクチン接種を受けたところ、肩を外転すると強い痛みを自覚する。悪寒、発熱、頭痛はない。肩の屈曲、伸展痛もない。」",魚　際,天　泉,液　門,前　谷,3,
東洋医学臨床論,31,医療面接の態度について最も適切なのはどれか。,患者の正面に座る。,患者の話を共感的に聴く。,導入は閉ざされた質問から行う。,アドヒアランスよりコンプライアンスを目指す。,2,
東洋医学臨床論,31,腰椎前弯の増強を改善する目的で行う体操はどれか。,コッドマン体操,バージャー体操,フレンケル体操,ウイリアムス体操,4,
東洋医学臨床論,31,左手中指のしびれを訴える患者に第6・第7頚椎棘突起間の左外方に刺鍼し症状が改善した。本症例の検査所見として最も適切なのはどれか。,ファレンテスト陽性,上腕三頭筋反射減弱,中指伸展テスト陽性,エデンテスト陽性,2,
東洋医学臨床論,31,"次の文で示す症例で障害神経根として最も適切なのはどれか。
「45歳の男性。荷物の搬送中に腰に激痛が走り、右下肢に痛みが生じている。近医にて腰椎椎間板ヘルニアと診断された。しゃがんだ状態から立ち上がる際に右膝の力が入らない。」",L4,L5,S1,S2,1,
東洋医学臨床論,31,上後腸骨棘と大転子近位端を結んだ中点から垂直下方に1～2横指下がったところを局所刺鍼点とすべき疾患で、陽性となる徒手検査法として最も適切なのはどれか。,エリーテスト,パトリックテスト,フライバーグテスト,ボンネットテスト,3,
東洋医学臨床論,31,アレルギー性鼻炎について正しいのはどれか。,他のアレルギー疾患は随伴しない。,粘膜性の鼻汁がみられる。,片側性鼻閉が主となる。,鼻腔内の痒みを認めることが多い。,4,
東洋医学臨床論,31,末梢神経麻痺における罹患神経と麻痺筋の組合せで正しいのはどれか。,橈骨神経　-----　円回内筋,正中神経　-----　母指内転筋,尺骨神経　------　掌側骨間筋,肩甲上神経　------　僧帽筋,3,
東洋医学臨床論,31,糖尿病性末梢神経障害に特徴的な所見はどれか。,両側内果の振動感覚低下,宙吊り型の解離性感覚障害,下肢から上行性に広がる弛緩性麻痺,しびれより筋力低下が顕著な上肢の障害,1,
東洋医学臨床論,31,"次の文で示す症例で将来起こりうる徴候はどれか。
「生後6か月の乳児。仰臥位で寝かせたときに右の大腿皮膚溝が左と比べて数が多く、深く、右股関節の開排制限もある。」",アリス徴候,ガワーズ徴候,レルミット徴候,ロンベルグ徴候,1,
東洋医学臨床論,31,高齢者に対する評価法とその内容の組合せで最も適切なのはどれか。,タイムドアップアンドゴーテスト　-----　主観的QOL,ファンクショナルリーチテスト　-----　ADL,バーセル・インデックス　-----　立位動的バランスの状態,ロコモ度テスト　------　年齢相応の移動能力,4,
東洋医学臨床論,31,"次の文で示す症例で考えられる疾患はどれか。
「65歳の女性。軽度の肥満。主訴は膝痛。膝の内側が動作開始時や疲労時に痛む。膝のロッキングはみられない。」",腸脛靭帯炎,内側滑膜ひだ障害（タナ障害）,変形性膝関節症,膝蓋靭帯炎,3,
東洋医学臨床論,31,"次の文で示す症例で障害筋への局所治療穴として最も適切なのはどれか。
「53歳の男性。最近、長時間歩くと、足がつる。今朝は、ウォーキング中に母指が屈曲するけいれんとともに下腿後面の深部に疼痛が生じたが、しばらく休むと軽快した。」",飛　陽,膝　関,合　陽,外　丘,1,
東洋医学臨床論,31,詐病が疑われる腰痛疾患に対して、坐位で膝を他動的に伸展させるのはどれか。,ケンプ徴候,サギング徴候,フリップ徴候,ブラガ―ドテスト,3,
東洋医学臨床論,31,こめかみがズキズキする頭痛に対して九刺の遠道刺を用いて治療する場合、最も適切な経穴はどれか。,頷　厭,太　陽,合　谷,陽陵泉,4,
東洋医学臨床論,31,命門火衰により冷えを訴える患者に対し、臓腑を考慮して施灸する場合、最も適切な経穴はどれか。,太　淵,神　門,太　渓,衝　陽,3,
東洋医学臨床論,31,"次の文で示す病証が進行した場合、みられやすい症状はどれか。
「39歳の女性。主訴は眼精疲労。長時間のデスクワークで目がかすむ。日頃から眠りが浅く、爪の色が悪い。舌苔は薄白、脈は細数を帯びてきた。」",消　渇,盗　汗,厭　食,譫　語,2,
東洋医学臨床論,31,"次の文で示す病証で最も適切なのはどれか。
「31歳の男性。主訴は悪心・嘔吐。業務の繁忙とともに食欲がなくなり、上腹部の膨満感、胸脇部の脹痛を自覚するようになった。精神的な緊張によって噯気が頻回に起こる。脈は弦を認める。」",気虚証,気陥症,気脱症,気逆症,4,
東洋医学臨床論,31,"次の文で示す病証に対する治療方針として最も適切なのはどれか。
「49歳の男性。主訴は食欲不振。空腹感はあるが多くは食べられない。胃脘部に我慢できる程度のはっきりしない痛みがある。舌質は紅を認める。」",陰液を補う。,陽気を補う。,気滞を除く。,湿熱を除く。,1,
東洋医学臨床論,31,"次の文で示す臓腑病証に対し、その郄穴に迎随の補瀉に基づき斜刺する場合、鍼尖の方向にある経穴として適切なのはどれか。
「30歳の男性。3日前に愛車に落書きをされて怒りが収まらず、顔面の痛みとのぼせも出てきた。夜も眠れず目が赤い。舌質は紅、脈は弦数を認める。」",蠡　溝,膝　関,承　山,条　口,1,
東洋医学臨床論,31,"次の文で示す病証でみられる痛みの性質はどれか。
「53歳の男性。主訴は肩関節痛。過労により食欲減退が続き、倦怠感とともに肩が痛みだした。痛みは慢性に経過し、息切れ、自汗を伴う。舌質は淡、舌苔は薄白、脈は細弱を認める。」",隠　痛,刺　痛,脹　痛,重　痛,1,
東洋医学臨床論,31,膀胱湿熱でみられるのはどれか。,遺　尿,癃　閉,余　瀝,小便自利,2,
東洋医学臨床論,31,"次の文で示す病証を八脈交会穴を用いて治療する場合、取穴部位として正しいのはどれか。
「帯下があり、腹部の皮膚のかゆみ、下腿前側のひきつりがみられる。」",足背、第4・5中足骨底接合部の遠位,足外側、外果尖の直下,足内側、内果尖の下方1寸,足内側、第１中足骨底内側の遠位陥凹部,3,
東洋医学臨床論,31,"次の文で示す病証の治療方針として最も適切なのはどれか。
「４７歳の女性。最近よく口渇を感じるが、水分は口を潤す程度で少量しか飲めない。手足の皮膚が鮫肌になってきた。舌質は紫暗、脈は濇を認める。」",風邪を除く。,瘀血を除く。,痰湿を除く。,気滞を除く。,2,
東洋医学臨床論,31,"「47歳の女性。頭痛が続き、いらだちがある。耳鳴りもあり受診した。口苦があり、睡眠が浅い。昨年に閉経。舌は紅、脈は弦数、腹は胸脇苦満を認める。」
内分泌検査で血中濃度が基準値より高いのはどれか。",バゾプレッシン,ゴナドトロピン,エストラジオール,プロスタグランジン,2,
東洋医学臨床論,31,"「47歳の女性。頭痛が続き、いらだちがある。耳鳴りもあり受診した。口苦があり、睡眠が浅い。昨年に閉経。舌は紅、脈は弦数、腹は胸脇苦満を認める。」
病証として最も適切なのはどれか。",腎気虚,心脾両虚,心腎不交,肝火亢進,4,
東洋医学臨床論,31,"「40歳の男性。右腰下肢が痛み、右足部外側にしびれがある。アキレス腱反射減弱、下肢伸展挙上テスト陽性。」
施術対象となる神経根として最も適切なのはどれか。",L3,L4,L5,S1,4,
東洋医学臨床論,31,"「40歳の男性。右腰下肢が痛み、右足部外側にしびれがある。アキレス腱反射減弱、下肢伸展挙上テスト陽性。」
筋力が最も低下する筋はどれか。",中殿筋,前脛骨筋,大腿四頭筋,長母指屈筋,4,
東洋医学臨床論,31,"「47歳の女性。主訴は左顔面の麻痺。２週間前に腰痛、下腿前面の痛みとともに発症。現在は下腿内側の重だるさ、軟便を伴う。」
原絡表裏配穴法で主証に対応する経穴の部位にあるのはどれか。",足背動脈,後脛骨動脈,母指外転筋腱,前脛骨筋腱,1,
東洋医学臨床論,31,"「47歳の女性。主訴は左顔面の麻痺。２週間前に腰痛、下腿前面の痛みとともに発症。現在は下腿内側の重だるさ、軟便を伴う。」
発症から4か月後、口輪筋を収縮させると左の眼輪筋も収縮する病的共同運動が出現した。両筋に対して30ｍｍのステンレス鍼で鍼通電療法を行う場合、最も適切なのはどれか。",20号鍼を用いる。,鍼体はすべて刺入する。,周波数は1Hｚとする。,両筋が同期的リズムで収縮するように通電する。,1,
東洋医学臨床論,31,"「18歳の女性。新体操の選手で毎日の激しい練習と無理なダイエットをしていたら月経が止まった。近医で、利用できるエネルギー不足が原因の運動性無月経と言われた。」
同じ原因で起こる合併症として最も考えられるのはどれか。",子宮筋腫,骨粗鬆症,円形脱毛症,過敏性腸症候群,2,
東洋医学臨床論,31,"「18歳の女性。新体操の選手で毎日の激しい練習と無理なダイエットをしていたら月経が止まった。近医で、利用できるエネルギー不足が原因の運動性無月経と言われた。」
無月経に対し、胞宮から起こる経脈に治療する場合、最も適切な奇経はどれか。",衝　脈,帯　脈,陰維脈,陰蹻脈,1,
東洋医学臨床論,31,"「40歳の女性。仕事でパソコン作業が多く、午後から締め付けられるような両側性の頭痛を発症する。頭痛は非拍動性で悪心・嘔吐はない。飲酒で増悪しない。」
考えられる疾患はどれか。",片頭痛,群発頭痛,緊張型頭痛,三叉神経・自律神経性頭痛,3,
東洋医学臨床論,31,"「40歳の女性。仕事でパソコン作業が多く、午後から締め付けられるような両側性の頭痛を発症する。頭痛は非拍動性で悪心・嘔吐はない。飲酒で増悪しない。」
生活指導で最も適切なのはどれか。",入浴はシャワーのみで済ませる。,枕の高さは今よりも高くする。,後頸部をホットタオルで温める。,パソコン作業は同一姿勢を維持する。,3,
東洋医学臨床論,32,頭痛の症状で施術適応となるのはどれか。,突然の激しい後頭部痛とともに回転性めまい、起立困難が生じ、反復する嘔吐がみられた。,早朝時の後頭部の非拍動性の慢性頭痛が週単位で増悪し、今朝は噴出性嘔吐がみられた。,深夜に、流涙・鼻汁を伴う片側の眼窩周囲の激烈な痛みが発作的に生じ、1時間で治まった。,感冒症状が治まって、2週間後に前頭部のズキズキとした痛み、熱感、叩打痛とともに後鼻漏が出現した。,3,
東洋医学臨床論,32,美容を目的に口角を上げやすくするため、大頬骨筋を刺激する経穴として最も適切なのはどれか。,顴　髎,巨　髎,頬　車,迎　香,1,
東洋医学臨床論,32,関節リウマチによるZ変形の疼痛緩和のため局所への接触鍼を行った。施術部位の経穴として最も適切なのはどれか。,魚　際,二　間,少　沢,中　渚,1,
東洋医学臨床論,32,過活動膀胱の患者に対する治療で、脊髄排尿中枢を介した治療穴として最も適切なのはどれか。,関元兪,五　枢,志　室,中　髎,4,
東洋医学臨床論,32,C6-C7横突起間に刺鍼することにより、治療効果が最も期待できる神経根障害によるしびれの部位はどれか。,前腕橈側から母指,手背中央から中指,小指球から小指,前腕尺側,2,
東洋医学臨床論,32,"次の文で示す症例の疾患として最も適切なのはどれか。
「28歳の女性。半年前に左上腕から前腕内側にかけて痛みしびれが出現。荷物を持つと痛みは増悪する。モーレイテスト、エデンテストともに陽性。ジャクソンテスト、スパーリングテスト共に陰性。」",ギヨン管症候群,頸椎症性脊髄症,頸椎症性神経根症,胸郭出口症候群,4,
東洋医学臨床論,32,"次の文で示す症例で、病態把握を目的に実施する徒手検査法はどれか。
「50歳の女性。主訴は右手関節橈側の痛みと腫脹。最近家事が忙しく徐々に症状が出現し、特に母指を動かすと強い疼痛がある。」",チェアテスト,トムゼンテスト,フアレンテスト,アイホッフテスト,4,
東洋医学臨床論,32,"次の文で示す症例の施術対象となる神経根で最も適切なのはどれか。
「26歳の男性。3か月前から左腰下肢の痛みを自覚するようになった。左アキレス腱反射減弱と足部外縁から足底にかけての感覚鈍麻を認める。」",L3,L4,L5,S1,4,
東洋医学臨床論,32,"次の文で示す症例の罹患筋として最も適切なのはどれか。
「45歳の女性。半年前から右手の母指・示指掌側にしびれがあり、母指球の萎縮と祈祷師の手を認める。」",斜角筋,小胸筋,円回内筋,尺側手根屈筋,3,
東洋医学臨床論,32,"次の文で示す症例で運動療法の対象となる筋の疲労緩和を目的に腹臥位で施術を行う場合、局所治療穴として最も適切なのはどれか。
「62歳の女性。主訴は膝関節痛。内反膝と大腿前面の筋委縮がみられたため、患者にパテラセッティングを行わせた。」",委　中,承　扶,風　市,膝陽関,3,
東洋医学臨床論,32,"次の文で示す症例で拘縮がみられる可能性が最も高い筋はどれか。
「68歳の女性。変形性股関節症による左股関節痛があり、トーマステスト陽性。恥骨結合下縁の高さで縫工筋のすぐ外方陥凹部にある筋に顕著な圧痛がある。エリーテスト陽性。」",大腿筋膜張筋,大腿直筋,長内転筋,恥骨筋,2,
東洋医学臨床論,32,"次の文で示す症例でみられるのはどれか。
「70歳の女性数年前から動作緩慢になり、現在は丸薬丸め運動も出現してきた。」",無汗症,歯車現象,ガワーズ徴候,ホフマン反射陽性,2,
東洋医学臨床論,32,顎関節症に対する局所治療穴とその対象となる筋の組合せで最も適切なのはどれか。,禾　髎　-----　咬　筋,瘈　脈　-----　側頭筋,下　関　-----　外側翼突筋,懸　顱　-----　内側翼突筋,3,
東洋医学臨床論,32,改訂長谷川式簡易知能評価スケール（HDS-R）にはなく、MMSEにある評価項目はどれか。,計　算,図形模写,時間の見当識,単語の直後再生,2,
東洋医学臨床論,32,後骨間神経麻痺で生じるのはどれか。,猿　手,鷲　手,下垂指,尺側偏位,3,
東洋医学臨床論,32,三伹神経第 2 枝の神経痛に対する局所治療穴として適切なのはどれか。 ,曲　差,陽　白,四　白,大　迎,3,
東洋医学臨床論,32,六部定位脈診で右手寸口の沈が虚している場合、難経六十九難に基づく配 穴で適切なのはどれか。,太淵と太白,復溜と経渠,曲泉と陰谷,大都と少府,1,
東洋医学臨床論,32,取穴部位が主治症の局所にある奇穴はどれか。,寝違えに対する落枕,腹痛に対する胆嚢点,腰痛に対する腰痛点,足背痛に対する八風,4,
東洋医学臨床論,32,"次の文で示す病証に対する治療方針として最も適切なのはどれか。
「56 歳の男性。職場の人間関係のストレスから不眠となり、動悸も感じている。最近は物忘れや腰下肢の重だるさ、歯のぐらつきもある。舌質は紅、脈は数を認め
る。」",肝血を補う。,腎陽を補う。,心火を除く。,肝陽を降ろす。,3,
東洋医学臨床論,32,右足の第 1 趾と第 2 趾に慢性的な痛みがある患者に対し、表裏する経脈を 同時に治療する目的で用いる要穴として最も適切なのはどれか。,行　間,公　孫,衝　陽,中　都,2,
東洋医学臨床論,32,足陽明経の経脈病証でみられるのはどれか。,口が歪む。,口が苦い。,口が乾く。,口が熱い。,1,
東洋医学臨床論,32,"次の文で示す病証に対する十二刺として最も適切なのはどれか。
「45 歳の男性。仕事のストレスでのぼせ感が続く。最近はイライラして気持ちがたかぶり眠れない日が多くなっている。舌尖は紅、脈は数で有力を認める。」",輸　刺,陰　刺,斉　刺,揚　刺,1,
東洋医学臨床論,32,"次の文で示す病証に対する治療方針として最も適切なのはどれか。
「51 歳の男性。主訴は動悸。特に食後に起こることが多い。胸悶、息切れを伴う。腹診では胃部振水音を認めた。」",血を補う。,陰液を補う。,痰湿を除く。,瘀血を除く。,3,
東洋医学臨床論,32,"次の文で示す病証の状態として最も適切なのはどれか。
「52 歳の男性。日頃から辛い物やアルコールを摂り過ぎたため、口渇が強く、みぞおちに灼熱感があった。その後、空腹感はあるが食が進まなくなってきた。舌質
は紅、無苔、脈は細数を認める。」",胃熱が血を滞らせている。,胃熱が胃の津液を損傷している。,湿熱が疏泄機能を障害している。,湿熱が膀胱を熱化させている。,2,
東洋医学臨床論,32,"「50 歳の男性。主訴は食欲不振。急な腹痛や嘔気があり、病院で胃の出血性びらん を指摘され、飲酒を控えるように言われた。口が苦く、舌質は紅、舌苔は厚膩、脈は 滑数を認める。」
腹痛が最も認められる部位はどれか。",心窩部,臍　部,側腹部,下腹部,1,
東洋医学臨床論,32,"「50歳の男性。主訴は食欲不振。急な腹痛や嘔気があり、病院で胃の出血性びらん を指摘され、飲酒を控えるように言われた。口が苦く、舌質は紅、舌苔は厚膩、脈は 滑数を認める。」
治療方針として最も適切なのはどれか。",肝気を通す。,湿熱を除く。,脾気を補う。,胃陰を補う。,2,
東洋医学臨床論,32,"「45 歳の女性。職業は美容師。主訴は右上肢全体の持続的なだるさ。伳反射は正常。 ライトテストは陽性。ジャクソンテスト、アドソンテストはともに陰性。」
病態について最も適切なのはどれか。",血流障害はない。,握力低下はない。,髪をカットする姿勢で症状誘発。,空を見上げると症状誘発。,3,
東洋医学臨床論,32,"「45 歳の女性。職業は美容師。主訴は右上肢全体の持続的なだるさ。伳反射は正常。 ライトテストは陽性。ジャクソンテスト、アドソンテストはともに陰性。」
罹患筋への局所治療を行う場合、適切な経穴はどれか。",中　府,肩外兪,巨　骨,扶　突,1,
東洋医学臨床論,32,"「34 歳の女性。不妊症で来院。月経量は少なく、経遅がある。少し動いただけで短 気が生じ、四肢厥冷もある。最近は腰膝酸軟を伴う。舌は淡で胖大、脈は沈遅を認め る。」
本病証に最も随伴しやすいのはどれか。",五更泄瀉,消穀善飢,項背強,目　渋,1,
東洋医学臨床論,32,"「34 歳の女性。不妊症で来院。月経量は少なく、経遅がある。少し動いただけで短 気が生じ、四肢厥冷もある。最近は腰膝酸軟を伴う。舌は淡で胖大、脈は沈遅を認め る。」
本病証の治療穴として最も適切な背部兪穴の高さはどれか。",第 3 胸椎棘突起下縁,第 9 胸椎棘突起下縁,第 12 胸椎棘突起下縁,第 2 腰椎棘突起下縁,4,
東洋医学臨床論,32,"「52 歳の男性。 3 週間前に風邪を引き、現在も咳と軽度な息切れが残っている。近 医で喘息と言われ気管支拡張剤を処方された。」
本症例に対して奇穴を取穴する際、仮点を求めるために委中を用いるのはどれか。",四　華,患　門,定　喘,夾　脊,2,
東洋医学臨床論,32,"「69 歳の男性。主訴は両側の耳鳴り。 3 か月前から高音域の聴力低下を自覚。相手 の言葉が聞き取りにくい。めまい、耳閉塞感、耳漏はない。」
難聴の程度を評価する検査はどれか。",リンネ検査,オージオメトリー,グリセロール検査,カロリックテスト,2,
東洋医学臨床論,32,"「69 歳の男性。主訴は両側の耳鳴り。 3 か月前から高音域の聴力低下を自覚。相手 の言葉が聞き取りにくい。めまい、耳閉塞感、耳漏はない。」
原因疾患として最も適切なのはどれか。",加齢性難聴,慢性中耳炎,突発性難聴,耳管狭窄症,1,
東洋医学臨床論,33,"次の症例で最も考えられる頭痛はどれか。
「43歳の女性。月に15回以上の頭痛を自覚。ズキズキしたり、締め付けられたりする痛みがある。特に起床時に強く自覚。ここ1年は鎮痛薬を頻繁に服用している。頭部MRI検査では異常はない。」",群発頭痛,片頭痛,緊張型頭痛,薬物使用過多による頭痛,4,
東洋医学臨床論,33,"次の症例で最も考えられる疾患はどれか。
「82歳の男性。1年前から両上肢の痛みとしびれ、半年前から両下肢のしびれが出現。物がつかみにくくなり、歩行もぎこちなくなった。四肢の深部腱反射亢進がみられる。ジャクソンテストは陰性。めまい、悪心はない。」",バレー・リュー症候群,胸郭出口症候群,頸椎症性脊髄症,頸椎症性神経根症,3,
東洋医学臨床論,33,腰椎椎間板ヘルニアによるL5神経根障害において、罹患高位のデルマトーム上に刺鍼を行う際、最も適切な経穴はどれか。,伏　兎,地　機,条　口,金　門,3,
東洋医学臨床論,33,"次の徒手検査法と同様の病態を確認する検査はどれか。
「肘関節伸展のまま肩関節を伸展すると肩関節前面に痛みが誘発され、この状態から肘関節を屈曲すると痛みが消失した。」",ライトテスト,スピードテスト,ダウバーンサイン,ペインクアークサイン,2,
東洋医学臨床論,33,坐骨神経の絞扼性神経障害で陽性となる徒手検査はどれか。,パトリックテスト,ゲンスレンテスト,エリーテスト,ペイステスト,4,
東洋医学臨床論,33,"次の症例で、患者に自由に文章を書かせた時にみられる所見として最も適切なのはどれか。
「68歳の男性。利き手静止時振戦、上肢の歯車様筋強剛、歩行時のすくみ足がみられる。」",吃　書,書　痙,小字症,自発書時障害,3,
東洋医学臨床論,33,"次の症例で最も適切な疾患はどれか。
「50歳の男性。数日前から右の耳に痛みがあり、しばらくして難聴、同側の表情筋の麻痺と外耳孔の水疱が出現。」",脳幹梗塞,ベル麻痺,聴神経腫瘍,ラムゼイ　ハント症候群,4,
東洋医学臨床論,33,肘部管症候群の原因となる筋の触察部位として最も適切なのはどれか。,上腕骨内側上顆下縁から舟状骨,上腕骨内側上顆下縁から豆状骨,上腕骨外側上顆上縁から橈骨茎状突起,上腕骨外側上顆下縁から手関節後面横紋中央,2,
東洋医学臨床論,33,"次の症例で最も考えられる疾患はどれか。
「75歳の男性。数か月前から両側の足趾の冷えとしびれを自覚。散歩中に下腿の痛みも出るが、休憩すれば歩くことができ、下肢の筋力低下はみられない。血圧は高く、喫煙歴は長い。ケンプテストは陰性。」",腰部脊柱管狭窄症,腰椎椎間板ヘルニア,閉塞性動脈硬化症,脊椎分離すべり症,3,
東洋医学臨床論,33,"次の症例で適切な局所治療部位はどれか。
「42歳の女性。主訴は右の母指から中指にかけての痛みとしびれ。母指球・手根部には症例はない。手を振ると楽になることがある。ファレンテストは陽性。」",大陵と労宮の間,少海と孔最の間,小海と支正の間,消濼と曲池の間,1,
東洋医学臨床論,33,"次の症例で異常が認められる検査法として最も適切なのはどれか。
「75歳の女性。100ｍ程度の歩行で左下肢後面に痛みやしびれが出現するが、低い手押し車の使用で症状は出ない。足の冷感や膀胱直腸障害はない。」",ＳＬＲテスト,アキレス腱反射,バビンスキー反射,フライバーグテスト,2,
東洋医学臨床論,33,うつ症患者でみられる妄想として最も適切なのはどれか。,関係妄想,血統妄想,罪責妄想,物盗られ妄想,3,
東洋医学臨床論,33,鉄欠乏性貧血患者への食事指導で、ヘム鉄が豊富な食材として推奨すべきなのはどれか。,卵,大　豆,豚レバー,ホウレンソウ,3,
東洋医学臨床論,33,投球動作で肘関節後方への伸展ストレスが起こる時期として最も適切なのはどれか。,早期コッキング期,後期コッキング期,加速期,フォロースルー期,4,
東洋医学臨床論,33,中指伸展テストが陽性となるテニス肘で、罹患筋への局所治療穴として最も適切なのはどれか。,手三里,曲沢,小海,天井,1,
東洋医学臨床論,33,下腿コンパートメント症候群と罹患筋の組合せで正しいのはどれか。,前方コンパートメント　-----　長腓骨筋,外側コンパートメント　-----　前脛骨筋,浅後方コンパートメント　----　ヒラメ筋,深後方コンパートメント　----　腓腹筋,3,
東洋医学臨床論,33,体調管理を目的に来院した患者に脈診をしたところ、軽く軟らかで、力なく浮いている脈がみられたが、この季節には正常な脈と判断した。この季節として適切なのはどれか。,春,夏,秋,冬,3,
東洋医学臨床論,33,肌肉がしびれてだるさがみられる病証に対し、五刺を用いて治療するときの刺法として最も適切なのはどれか。,極めて浅くすばやく刺し、すばやく抜く。,関節部の筋に深く刺す。,ニワトリの足のように分肉の間に刺す。,骨に至るまで深く刺し、真っ直ぐに抜く。,3,
東洋医学臨床論,33,"次の症例で最も適切な病証はどれか。
「38歳の男性。主訴は円形の脱毛。脱毛は急速に起こった。頭皮は脂っぽく、赤みがあり、痒みを訴える。口渇、便秘、小便黄を伴う。舌質は紅、舌苔は黄、脈は数を認める。」",血瘀,血熱,気虚,陰虚,2,
東洋医学臨床論,33,耳鳴り、難聴に対して、循経取穴により治療する場合、最も適切なのはどれか。,中渚,太淵,三間,神門,1,
東洋医学臨床論,33,"次の症例でみられる痰の性状で最も適切なのはどれか。
「27歳の男性。主訴は咳と痰。咳は無力で、声に力がない。息切れ、倦怠感を伴い、疲れると症状が悪化する。舌質は淡、舌苔は薄白、脈は弱を認める。」",希薄で透明な痰,白色で大量の痰,黄色く粘りのある痰,血の混じった痰,1,
東洋医学臨床論,33,"次の症例に対し、難経六十九難に基づき補法を行う治療穴はどれか。
「82歳の女性。主訴は尿漏れ。くしゃみをしたり、重い荷物を持ったりするときに起こる。尿の回数は多く、足腰のだるさ、倦怠感を伴う。」",足臨泣,曲泉,束骨,復溜,4,
東洋医学臨床論,33,灸治療が骨盤位の矯正に効果的とされる膀胱経の要穴はどれか。,井穴,滎穴,兪穴,経穴,1,
東洋医学臨床論,33,"次の症例の経脈病証はどれか。
「53歳の男性。空腹感があるが食欲がない。呼吸が苦しくせき込む。寝ることを好んで起きたがらない。」",足の太陰経病証,足の少陰経病証,足の陽明経病証,足の少陽経病証,2,
東洋医学臨床論,33,"「46歳の女性。夫の死をきっかけにうつ病を発症。悲観的思考となり、気力が極度に減退。食欲もなく、動悸・不眠・健忘を伴う。舌質は淡、脈は細弱を認める。」
病態として最も適切なのはどれか。",肝腎陰虚,肝気鬱結,心脾両虚,脾気下陥,3,
東洋医学臨床論,33,"「46歳の女性。夫の死をきっかけにうつ病を発症。悲観的思考となり、気力が極度に減退。食欲もなく、動悸・不眠・健忘を伴う。舌質は淡、脈は細弱を認める。」
治療の結果、食欲が出てきて、気力の減退も改善してきた。この時期に最も注意すべき症状はどれか。",幻聴,観念奔逸,強迫行為,自殺念慮,4,
東洋医学臨床論,33,"「65歳の女性。右手関節部の骨折による変形が原因で、示指と中指の指先がしびれて、母指の動きが障害されるようになった。」
最も認められる徴候はどれか。",祈祷師の手,ティアドロップサイン,パーフェクトOの不整,フロマン徴候,3,
東洋医学臨床論,33,"「65歳の女性。右手関節部の骨折による変形が原因で、示指と中指の指先がしびれて、母指の動きが障害されるようになった。」
骨折した骨として最も適切なのはどれか。",舟状骨,橈骨,尺骨,有鉤骨,2,
東洋医学臨床論,33,"「35歳の男性。インスタント麺ばかり食べている。全身がだるく、最近は下肢にしびれがみられる。膝蓋腱反射は減弱し、近医でビタミン不足と言われた。」
不足しているビタミンはどれか。",ビタミンA,ビタミンB1,ビタミンB12,ビタミンD,2,
東洋医学臨床論,33,"「35歳の男性。インスタント麺ばかり食べている。全身がだるく、最近は下肢にしびれがみられる。膝蓋腱反射は減弱し、近医でビタミン不足と言われた。」
症状改善に効果があるとされる、8つの腧穴の組合せに含まれるのはどれか。",膝陽関,内膝眼,陽陵泉,上巨虚,4,
東洋医学臨床論,33,"「28歳の男性。職場でハラスメントを受けている。腹痛と下痢がひどく、出勤途中に数回トイレに行く。血便はなく、休日は症状が出ない。舌質は淡紅、舌苔は少、脈は弦を認める。」
疾患として最も適切なのはどれか。",胃食道逆流症,潰瘍性大腸炎,過敏性腸症候群,機能性ディスペプシア,3,
東洋医学臨床論,33,"「28歳の男性。職場でハラスメントを受けている。腹痛と下痢がひどく、出勤途中に数回トイレに行く。血便はなく、休日は症状が出ない。舌質は淡紅、舌苔は少、脈は弦を認める。」
治療方針として最も適切なのはどれか。",肝と心の火を降ろす。,肝と脾の調和を図る。,肺と腎の陰液を補う。,心と腎の交わりを図る。,2,
東洋医学臨床論,33,"「52歳の女性。右側の表情筋麻痺で来院。同側の額のしわ寄せは不能で、涙液減少、聴覚過敏、味覚障害、唾液分泌障害を伴う。」
四総穴の主治を踏まえて治療する場合、最も適切な経穴はどれか。",合谷,列欠,委中,足三里,1,
東洋医学臨床論,33,"「52歳の女性。右側の表情筋麻痺で来院。同側の額のしわ寄せは不能で、涙液減少、聴覚過敏、味覚障害、唾液分泌障害を伴う。」
後遺障害として出現の可能性が最も高いのはどれか。",ワニの涙,眼球陥凹,眼瞼下垂,共同偏視,1,
東洋医学臨床論,34,次の徒手検査はどれか。「患者を背臥位にして、股関節・膝関節屈曲90度から膝関節のみゆっくりと伸展させ、下肢後面に疼痛が誘発されるかを確認する。」,トーマステスト,ラセーグテスト,ボンネットテスト,ブラガードテスト,2,
東洋医学臨床論,34,次の症例で最も考えられる頭痛はどれか。「50歳の女性。月に15回以上頭痛を自覚。主に午後や夕方に頭の両側や後頸部に締め付けられる痛みがある。鎮痛薬は月に4、5回服用。」,群発頭痛,緊張型頭痛,薬物使用過多による頭痛,片頭痛,2,
東洋医学臨床論,34,次の症例で最も適切な疾患はどれか。「75歳の女性。円背で胸腰椎移行部に圧痛を認める。15年前に胃癌の既往がある。脊椎エックス線像で陳旧性の圧迫骨折を認める。血液検査やMRI検査で異常はない。」,骨粗鬆症,骨軟化症,多発性骨髄腫,転移性骨腫瘍,1,
東洋医学臨床論,34,次の症例で最も考えられる疾患はどれか。「76歳の女性。1年ほど前から特に誘因なく右手のしびれ、その後、左手にも出現。物がつかみにくく、歩行もぎこちなくなった。両側下肢の腱反射は亢進。」,胸郭出口症候群,頸椎症性脊髄症,頸椎症性神経根症,外傷性頸部症候群,2,
東洋医学臨床論,34,筋緊張亢進により肩関節の内旋制限がみられる患者に対して、施術対象となる筋はどれか。,棘下筋,大円筋,肩甲下筋,上腕三頭筋,1,
東洋医学臨床論,34,腰椎椎間板ヘルニアで、母趾屈曲筋力の低下、アキレス腱反射減弱、下肢伸展挙上テスト陽性を示す場合、施術対象となる神経根として最も適切なのはどれか。,L3,L4,L5,S1,4,
東洋医学臨床論,34,次の症例で絞扼部位近傍への治療穴として適切なのはどれか。「17歳の女子。受験勉強で問題集に書き込みながら問題を数多く解いているうちに、手背を除く利き手の尺側にしびれを感じるようになった。フロマン徴候陽性」,手五里,孔　最,小　海,神　門,4,
東洋医学臨床論,34,鼻尖部を分布領域とする神経の神経痛に対する局所治療穴として適切なのはどれか。,聴　会,陽　白,四　白,大　迎,2,
東洋医学臨床論,34,フォンテインの分分類により重症度を確認するのはどれか。,深部静脈血栓症,腰部脊柱管狭窄症,閉塞性動脈硬化症,腰椎椎間板ヘルニア,3,
東洋医学臨床論,34,アトピー性皮膚炎の生活指導について誤っているのはどれか。,室内を清掃してアレルゲンの除去に努める。,発汗時にはシャワーで流す。,入浴後は保湿剤を塗布する。,顔面の痒みは手掌で叩いて対処する。,4,
東洋医学臨床論,34,次の症例で最も適切な疾患はどれか。「45歳の男性。長時間のパソコン作業が続き、眼が疲れる。右頸部から肩、前腕にかけて鈍痛としびれがある。筋力や近くに異常はなく、頸部の運動制限も明確でない。スパーリングテスト、ルーステストは陰性。」,バレー・リュー症候群,VDT症候群（情報機器作業に伴う健康障害）,胸郭出口症候群,頸椎椎間板ヘルニア,2,
東洋医学臨床論,34,橈骨神経麻痺で、萎縮した筋に対する施術部位として最も適切なのはどれか。,母指球,小指球,前腕前側,前腕後側,4,
東洋医学臨床論,34,疾患と罹患筋に対する治療穴の組合せで適切なのはどれか。,鵞足炎 ----- 足三里,アキレス腱炎 ----- 太衝,オスグッド病 ----- 伏兎,シンスプリント ----- 陰陵泉,3,
東洋医学臨床論,34,"次の症例で障害されている靭帯として最も適切なのはどれか。
「32歳の男性。競輪選手。最近、レース中に右膝関節外側に痛みを感じるようになった。内反ストレステスト陰性、グラスピングテスト陽性。」",腸脛靭帯,膝蓋靭帯,膝後十字靭帯,膝外側側副靭帯,1,
東洋医学臨床論,34,脈が滑数を認める消穀善飢に対して、五行穴の特性を活かした治療穴に迎随の補瀉に基づき斜刺する場合、鍼尖の方向にある経穴として適切なのはどれか。,厲　兌,陥　谷,侠　谿,行　間,2,
東洋医学臨床論,34,"次の症例で難経六十九難に基づく治療を行う場合、上肢の取穴部位として最も適切なのはどれか。
「40歳の女性。仕事で自身を喪失し食欲不振と軟便が続いている。倦怠感もある。ここ数日は眠りも浅く動機を感じる。舌質は淡、舌苔は白、脈は細弱を認める。」",指　先,手　掌,手関節,肘関節,2,
東洋医学臨床論,34,痛痺による肩の痛みに対し、十二刺を用いて治療する場合、最も適切なのはどれか。,斉　刺,輸　刺,賛　刺,直鍼刺,1,
東洋医学臨床論,34,風熱犯肺により生じる浮腫の特徴はどれか。,緩やかに発症する。,眼瞼部から発症する。,陰水に分類される。,圧痕の回復が遅い。,2,
東洋医学臨床論,34,"次の経脈病証に対して原絡配穴法で治療する場合、治療穴の組合せで最も適切なのはどれか。
「動機と胸苦しさ、上肢痛があり、その後、耳鳴りと難聴も発症した。」",大　陵 ----- 外　関,神　門 ----- 支　正,大　陵 ----- 内　関,神　門 ----- 通　里,1,
東洋医学臨床論,34,"次の症例の病証・病態で最も適切なのはどれか。
「60歳の男性。3か月前に知人との信頼関係が崩れ、強いいらだちを自覚してから下腹部の脹り、便秘がみられ、最近は頭痛や目の充血とともに尿の出も悪く残尿感が強くなった。寝汗はない。舌質は紅、舌苔は黄、脈は弦数を認める。」",肝気鬱結,肝陽上亢,肝鬱化火,肝血虚,3,
東洋医学臨床論,34,"次の症例の病証に対する治療穴として最も適切なのはどれか。
「65歳の男性。数か月前から抜け毛が多くなってきた。最近は下肢と下腹部が冷え、朝方に下痢をすることが多い。舌質は淡、舌苔は白、脈は細弱を認める。」",陶　道,神　道,霊　台,命　門,4,
東洋医学臨床論,34,"次の症例に対して八脈交会穴を用いて治療する場合、下肢の治療穴として最も適切なのはどれか。
「腹部が脹り腰のすわりが悪く、寒熱往来に苦しむ。」",申　脈,照　海,公　孫,足臨泣,4,
東洋医学臨床論,34,"次の症例の病証で最も適切なのはどれか。
「48歳の女性。最近、帯下の量が増えた。帯下は白色で無臭、粘稠でだらだらと続くことが多い。顔はやつれて血色は悪い。舌苔は白膩、脈は緩を認める。」",肝血虚,腎陽虚,脾虚湿盛,膀胱湿熱,3,
東洋医学臨床論,34,小児疳の虫に対して小児斜差の灸とちりげの灸を行った。棘突起で取穴の指標とならないのはどれか。,第3胸椎,第5胸椎,第9胸椎,第11胸椎,2,
東洋医学臨床論,34,"次の症例について答えよ。
「75歳の女性。主訴は右胸痛。4週間前に右胸部に水疱が現れた。投薬で水疱は消失したが、胸痛が残っている。夫の介護で抑うつ感があり、過食、倦怠感、足のだるさもある。舌は胖大、厚膩苔、脈は滑を認める。」
主訴の誘因として最も考えられるのはどれか。",過　労,低栄養,運動不足,アレルゲン暴露,1,
東洋医学臨床論,34,"次の症例について答えよ。
「75歳の女性。主訴は右胸痛。4週間前に右胸部に水疱が現れた。投薬で水疱は消失したが、胸痛が残っている。夫の介護で抑うつ感があり、過食、倦怠感、足のだるさもある。舌は胖大、厚膩苔、脈は滑を認める。」
治療方針として最も適切なのはどれか。",心陽を補う。,胃陰を養う。,痰湿を除く。,気血を巡らす。,3,
東洋医学臨床論,34,"次の症例について答えよ。
「37歳の女性。主訴は左顎関節痛。2か月前から職場のストレスとともに痛みを自覚し始め、月経前には痛みが増悪する。胃のもたれ感、胸やけ、嘔気を伴うこともある。」
病証として最も適切なのはどれか。",胃　熱,脾胃湿熱,肝胃不和,肝鬱気滞,3,
東洋医学臨床論,34,"次の症例について答えよ。
「37歳の女性。主訴は左顎関節痛。2か月前から職場のストレスとともに痛みを自覚し始め、月経前には痛みが増悪する。胃のもたれ感、胸やけ、嘔気を伴うこともある。」
病証に対する治療穴の組合せで最も適切なのはどれか。",内　庭 ----- 足三里,陥　谷 ----- 豊　隆,内　庭 ----- 行　間,太　衝 ----- 陰陵泉,3,
東洋医学臨床論,34,"次の症例について答えよ。
「38歳の女性。主訴は左側頭部痛。目の前がチカチカしてから1時間以内に痛みが起こり、拍動性で嘔気を伴う。発症すると痛みのため仕事を休んでしまう。」
疾患として最も考えられるのはどれか。",低髄液圧症候群,緊張型頭痛,群発頭痛,片頭痛,4,
東洋医学臨床論,34,"次の症例について答えよ。
「38歳の女性。主訴は左側頭部痛。目の前がチカチカしてから1時間以内に痛みが起こり、拍動性で嘔気を伴う。発症すると痛みのため仕事を休んでしまう。」
郄穴を用いて循経取穴による治療を行う場合、最も適切なのはどれか。",孔　最,外　丘,金　門,中　都,2,
東洋医学臨床論,34,"次の症例について答えよ。
「45歳の女性。心窩部右側の強い痛みと悪心があり近医を受診。血中コレステロール、中性脂肪はともに高値でBMIは27。右肩への放散痛があり、マーフィー徴候は陽性。背部叩打痛と便通異常はない。」
合併する症状で最も考えられるのはどれか。",眼球結膜の黄染,肋間部の発疹,グル音の亢進,血　尿,1,
東洋医学臨床論,34,"次の症例について答えよ。
「45歳の女性。心窩部右側の強い痛みと悪心があり近医を受診。血中コレステロール、中性脂肪はともに高値でBMIは27。右肩への放散痛があり、マーフィー徴候は陽性。背部叩打痛と便通異常はない。」
主訴を主治とする奇穴を取穴する場合の指標として最も適切なのはどれか。",腰三角,膝蓋骨底,膝蓋靭帯,腓骨頭,4,
東洋医学臨床論,34,"次の症例について答えよ。
「67歳の男性。主訴は動作時の呼吸困難。痩せて樽状胸郭を呈している。呼吸機能検査で1秒率の低下、胸部エックス線検査で肺野の透過性亢進を認めた。ブリンクマン指数は940。」
疾患として最も考えられるのはどれか。",気管支拡張症,COPD,肺結核,間質性肺炎,2,
東洋医学臨床論,34,"次の症例について答えよ。
「67歳の男性。主訴は動作時の呼吸困難。痩せて樽状胸郭を呈している。呼吸機能検査で1秒率の低下、胸部エックス線検査で肺野の透過性亢進を認めた。ブリンクマン指数は940。」
定喘穴に対する2Ｈｚの持続的な鍼通電療法により呼吸困難が改善した。中枢を介した呼吸困難の改善に最も関与すると考えられるのはどれか。",メラトニン,ナロキソン,ノシセプチン,βエンドルフィン,4,
はり理論,25,ステンレス鍼の特徴はどれか。,酸化しやすい。,低周波鍼通電療法に適する。,曲がりやすい。,刺入痛が少ない。,2,
はり理論,25,鍼の術式で刺鍼時・抜鍼時に左右交互にひねりながら行うのはどれか。,回旋術,旋撚術,間歇術,乱鍼術,2,
はり理論,25,鍼の術式のうち鍼管のみを用い、弾入の要領で鍼管を叩打するのはどれか。,振せん術,細指術,内調術,管散術,4,
はり理論,25,現在の小児鍼で接触鍼および摩擦鍼として用いるのはどれか。,いちょう鍼,ローラー鍼,ウサギ鍼,振子鍼,1,
はり理論,25,NIHの合意形成声明書（1998年2月最終版）で、鍼が有効とされるのはどれか。,テニス肘,月経痛,薬物中毒,妊娠時の吐き気,4,
はり理論,25,迎え鍼を行う有害事象はどれか。,気胸,折鍼,脳貧血,渋鍼,4,
はり理論,25,医療現場における肝炎・エイズの感染について正しいのはどれか。,注射針の誤刺による感染が最も多い。,エイズは食事で感染する。,Ａ型肝炎は血液を介して感染する。,1回誤刺に対する感染成立の確率はＣ型肝炎が最も高い。,1,
はり理論,25,鍼の重だるい響き感覚を伝える神経線維はどれか。,Ａδ,Ａβ,Ｂ,Ｃ,4,
はり理論,25,"次の文で示す研究から適切なのはどれか。
「ラットの足部への鍼刺激で迷走神経活動が亢進し胃内圧が上昇したが、内臓神経活動は変化しなかった。一方、腹部の鍼刺激では内臓神経活動が亢進し胃内圧が低下したが、迷走神経活動は変化しなかった。」",足部刺激による作用は体性-運動反射である。,腹部刺激による作用は内臓-内臓反射である。,足部刺激では上脊髄を介した反応が起こる。,腹部刺激による作用は副交感神経活動の抑制による。,3,
はり理論,25,1Hzの鍼通電刺激で起こる鍼鎮痛の特徴について正しいのはどれか。,鍼通電終了と同時に鎮痛効果は消失する。,筋収縮が得られる刺激強度の方が効果が高い。,効果の出現部位は施術部位と同じデルマトーム領域に限られる。,主にⅡ群線維が関与する。,2,
はり理論,26,「筋内での置鍼中に強い響き感覚と鈍痛を生じたので、その位置より少しだけ鍼を引き上げ、しば らく留置してから再び筋中まで刺入した後抜鍼したところ、鈍痛を軽減させることができた｡」 ,屋漏術 ,随鍼術 ,内調術 ,間歇術 ,4,
はり理論,26,鍼施術の際にⅢ群線維が伝えるのはどれか。 ,押手の上下圧 ,鋭い切皮痛 ,鍼の刺入圧 ,重だるい響き感覚,2,
はり理論,26,小児鍼による触圧刺激に対して最も順応の早い受容器はどれか。 ,パチニ小体 ,メルケル盤 ,毛包受容器 ,ルフィニ終末,1,
はり理論,26,鍼刺激を行った際に細径感覚神経線維が興奮したことを示すのはどれか。 ,アロデイニアの発現 ,刺入抵抗感の減少 ,しびれるような響き感覚の発生 ,フレアの出現 ,4,
はり理論,26,鍼刺激による筋血流の増加に直接関与しないのはどれか。 ,サブスタンスP ,CGRP ,オピオイドペプチド ,血管作動性腸ペプチド,3,
はり理論,26,四肢に鍼刺激を行うと、上脊髄性の自律神経反応が起きやすい理由として最も考えられるのはどれ か。 ,鍼刺激で興奮する感覚神経の分布密度が高い。 ,入力する脊髄分節に自律神経節前ニューロンが少ない。 ,筋肉が豊富である。 ,神経叢から出た枝により支配される。 ,2,
はり理論,26,次の文で示す施術結果の機序で正しいのはどれか。「脊髄損傷患者に対し、仙骨部への鍼刺激を 行ったところ排尿が促進した｡」 ,下腹神経が興奮した。 ,脊髄分節性の反射が起こった。 ,上位排尿中枢が興奮した。 ,内臓-体性反射が起こった｡ ,2,
はり理論,26,持続効果の長い鎮痛系の賦活を期待して鍼通電療法を行う場合通電周波数として最も適しているの はどれか。 ,5Hz ,20Hz ,50Hz ,100Hz ,1,
はり理論,26,キャノンが提唱した緊急反応において副腎髄質で作用する受容体はどれか。 ,α受容体 ,β受容体 ,ニコチン受容体 ,ムスカリン受容体,3,
はり理論,27,2 番鍼の太さはどれか。,0.14 mm,0.16 mm,0.18 mm,0.20 mm,3,
はり理論,27,刺鍼手技で呼気時に刺入し吸気時に止めるを繰り返し、目的深度まで刺入するのはどれか。,随鍼術,間歇術,内調術,乱鍼術,1,
はり理論,27,理学検査が陽性の病態に局所刺鍼が最も有効なのはどれか。,アプリヘンジョンテスト,ラックマンテスト,ストロークテスト,チェアテスト,4,
はり理論,27,単回使用毫鍼の滅菌に用いられるのはどれか。,EOG,塩化ベンザルコニウム,ポビドンヨード,イソプロピルアルコール,1,
はり理論,27,痛覚の二次性ニューロンが上行するのはどれか。,内側毛帯,脊髄前側索,脊髄背側索,脊髄後索,2,
はり理論,27,鍼刺激による筋血流増加に関与しないのはどれか。,ポリモーダル受容器,a 受容体,CGRP,一酸化窒素（NO）,2,
はり理論,27,体性－自律神経反射を利用して胃痛の治療を行う場合、刺鍼を行うデルマトームで最も適切なのはどれか。,Th1 − Th4,Th5 − Th9,Th11 − L1,L2 − L4,2,
はり理論,27,下行性痛覚抑制系において、脊髄後角で痛覚を遮断する物質として最も適切なのはどれか。,ドパミン,グルタミン酸,ロイコトリエン,ノルアドレナリン,4,
はり理論,27,筋けいれんに対する鍼治療の目的はどれか。,鎮静作用,転調作用,防衛作用,矯正作用,1,
はり理論,27,トリガーポイントの発現に直接関与するのはどれか。,侵害受容器の感作,筋血流の増加,副交感神経活動の亢進,内因性オピオイドの遊離,1,
はり理論,28,毫鍼について誤っているのはどれか。,5番鍼の鍼体径は0.26mmである。,2寸の鍼体長は60mmである。,鍼尖の形状の一つに卵型がある。,鍼体長は鍼尖から鍼根までをいう。,1,
はり理論,28,現行17手技で鍼を一方向に回すのはどれか。,細指術,回旋術,間歇術,旋撚術,2,
はり理論,28,深刺により化膿性関節炎のリスクがある経穴はどれか。,膏　肓,欠　盆,肩　髎,天　宗,3,
はり理論,28,患者の体動により抜鍼困難が生じた場合の対応として適切でないのはどれか。,返し鍼を行う。,副刺激術を行う。,患者をリラックスさせる。,筋緊張が緩解するまで待つ。,1,
はり理論,28,毫鍼の製造過程で滅菌に用いるのはどれか。,グルコン酸クロルヘキシジン,塩化ベンザルコニウム,酸化エチレンガス,ポピドンヨード,3,
はり理論,28,内臓痛について誤っているのはどれか。,Aβ線維により伝達される。,痛みの局在が不明瞭である。,脊髄後角の広作動域ニューロンに接続する。,関連痛の出現に関与する。,1,
はり理論,28,痛覚の中枢内伝導路で情動行動、自律神経機能や痛みの制御の調節に関与すると考えられているのはどれか。,後索路,脊髄網様体路,前脊髄視床路,新脊髄視床路,2,
はり理論,28,刺鍼時のフレア形成に関与するのはどれか。,脊髄後角でのガンマアミノ酪酸(GABA)放出,交感神経節後線維の興奮,軸索反射によるCGRP放出,視床腹側基底核群の興奮,3,
はり理論,28,鍼鎮痛の発現に関与する部位はどれか。,脊髄前角,歯状核,中脳水道周囲灰白質,赤　核,3,
はり理論,28,鍼の末梢性鎮痛効果に最も関与するのはどれか。,アドレナリン受容体,ムスカリン受容体,ヒスタミン受容体,アデノシンA1受容体,4,
はり理論,29,我が国で製造されている単回使用毫鍼について誤っているのはどれか。,ホルマリンガスで滅菌されている。,無菌性が保証されている。,管理医療機器に分類される。,製造業者の表示が義務付けられている。,1,
はり理論,29,押手について正しいのはどれか。,母指と示指が鍼体をつまむ圧を固定圧という。,周囲圧に相当するのは水平圧である。,皮膚の緊張度を調節する。,刺入速度を調節する。,3,
はり理論,29,雀啄術と回旋術に共通するのはどれか。,抜鍼困難時に使用する。,刺入した後、鍼管で刺激を与える。,鍼柄を刺手でつまみ振動を与える。,一定深度に刺入後、鍼を動かし刺激を与える。,4,
はり理論,29,特殊鍼法で水平に刺入するのはどれか。,円皮鍼,集毛鍼,皮内鍼,灸頭鍼,3,
はり理論,29,鍼施術に対する患者の感受性を決定する要因はどれか。,刺鍼の手技,鍼体の太さ,受療経験の有無,刺激時間の長さ,3,
はり理論,29,鍼通電装置と近接使用してはならないのはどれか。,超音波,紫外線,マイクロ波,赤外線,3,
はり理論,29,衛生的な鍼施術を行う場合、感染症対策として最も適切なのはどれか。,逆性石けんを用いた手指洗浄,エアータオルによる乾燥,クリーン・ニードル・テクニック,抜鍼後消毒綿花の一般廃棄物処理,3,
はり理論,29,痛覚の一次性ニューロンが二次性ニューロンに交代する部位はどれか。,脊髄前角,脊髄後角,薄束核,楔状束核,2,
はり理論,29,ポリモーダル受容器の興奮で生じる軸索反射により、受容器末端から放出されるのはどれか。,サブスタンスP,ヒスタミン,ブラジキニン,プロスタグランジン,1,
はり理論,29,血管内皮細胞で産生され、血管平滑筋を弛緩させる物質はどれか。,一酸化窒素（NO）,セロトニン,アセチルコリン,ノルアドレナリン,1,
はり理論,30,打鍼法で用いる鍼の鍼尖形状はどれか。,卵　形,松葉形,ノゲ形,スリオロシ形,4,
はり理論,30,刺鍼法と手技の組合せで正しいのはどれか。,撚鍼法　----------　示指打法,打鍼法　----------　気迫法,管鍼法　----------　内調術,小児鍼法　----------　火曳の鍼,3,
はり理論,30,古代九鍼のうち三稜鍼のもとになったのはどれか。,鋒　鍼,鈹　鍼,大　鍼,鑱　鍼,1,
はり理論,30,徒手検査法が陽性の病態に、局所刺鍼が最も有効なのはどれか。,マクマレーテスト,トーマステスト,ラックマンテスト,ドロップアームテスト,2,
はり理論,30,仰臥位による置鍼時に患者がくしゃみをした場合、最も折鍼が起こりやすい部位はどれか。,印　堂,膻　中,天　枢,中　都,3,
はり理論,30,低周波鍼通電療法の安全対策で正しいのはどれか。,電流は直流パルスを用いる。,鍼の材質はステンレスを用いる。,心臓を挟む形で電極を配置する。,通電装置の出力レベルは最大値から始める。,2,
はり理論,30,鍼施術に関する衛生管理で正しいのはどれか。,小児鍼は洗浄して使用する。,手指の消毒にはベースン法を用いる。,滅菌済単回使用毫鍼を開封後にスワブ法で清拭する。,施術野の消毒には70％イソプロピルアルコールを用いる。,4,
はり理論,30,鍼の刺入によりポリモーダル受容器の反応性を増大させるのはどれか。,血管作動性腸ペプチド（VIP）,CGRP,サブスタンスP,プロスタグランジン,4,
はり理論,30,延髄に投射する痛覚の伝導路はどれか。,後索路,脊髄網様体路,腹側脊髄視床路,外側脊髄視床路,2,
はり理論,30,脊髄分節性鎮痛はどれか。,ゲートコントロール説,下行性疼痛抑制系,広汎性侵害抑制調節,末梢性オピオイド鎮痛,1,
はり理論,31,2寸5番鍼を使用し、皮膚面に対し直刺で鍼体長の半分まで刺入したときの深度はどれか。,20ｍｍ,25ｍｍ,30ｍｍ,35ｍｍ,3,
はり理論,31,松葉形の鍼尖形状について正しいのはどれか。,スリオロシ形と柳葉形の中間,ノゲ形と卵形の中間,卵形とスリオロシ形の中間,柳葉形とノゲ形の中間,2,
はり理論,31,機械刺激と温熱刺激を同時に与える特殊鍼法はどれか。,小児鍼法,灸頭鍼法,皮内鍼法,鍼通電療法,2,
はり理論,31,クリーン・ニードル・テクニックの説明として最も適切なのはどれか。,手指を逆性石けんで入念に洗浄する。,刺鍼局所をアルコール綿で清拭消毒する。,鍼体に直接触れずに一連の刺鍼操作を行う。,使用後のアルコール綿を感染性廃棄物として取り扱う。,3,
はり理論,31,主にC線維終末にある皮膚の受容器はどれか。,パチニ小体,マイスナー小体,高閾値機械受容器,ポリモーダル受容器,4,
はり理論,31,痛みの識別に関与する中枢内伝導路はどれか。,後索路,新脊髄視床路,前脊髄視床路,脊髄網様体路,2,
はり理論,31,四肢や体幹からの痛覚情報を伝える三次ニューロンが局在するのはどれか。,赤　核,尾状核,レンズ核,視床後外側腹側核,4,
はり理論,31,刺鍼により起こる軸索反射について正しいのはどれか。,血漿が漏出する。,内因性オピオイドが関与する。,単シナプス反射によって生じる。,広作動域ニューロンが関与する。,1,
はり理論,31,広汎性侵害抑制調節の特徴について正しいのはどれか。,Ⅱ群線維の興奮で作動する。,効果発現に時間がかかる。,全身性に効果が出現する。,下行性ニューロンが脊髄前角細胞を抑制する。,3,
はり理論,31,ストレス刺激による交感神経活動亢進反応はどれか。,深部体温上昇,気管支収縮,心拍数減少,血糖値低下,1,
はり理論,32,滅菌済単回使用毫鍼の医療機器クラス分類はどれか。,クラスⅠ（一般医療機器）,クラスⅡ（管理医療機器）,クラスⅢ（高度管理医療機器）,クラスⅣ（高度管理医療機器）,2,
はり理論,32,押手について最も適切なのはどれか。,刺鍼部位の皮膚や筋肉を和らげる。,左右圧に相当するのは固定圧である。,患者の急な体動を察知し、動揺を防ぐ。,刺鍼抵抗を察知する。,3,
はり理論,32,小児鍼で、接触鍼と摩擦鍼の両方の特徴をもつのはどれか。,集毛鍼,振子鍼,いちょう鍼,ローラー鍼,3,
はり理論,32,鍼療法の禁忌はどれか。,化学療法に伴う吐き気,悪性腫瘍に伴う痛み,つわり,クスマウス呼吸を伴う意識障害,4,
はり理論,32,深刺により椎骨動脈を損傷するリスクが最も高い経穴はどれか。,瘂　門,風　池,完　骨,翳　風,2,
はり理論,32,鍼施術を行う場合、感染症対策として適切でないのはどれか。,手洗い後の手指の乾燥にはペーパータオルを使用する。,鍼皿は滅菌済みディスポーザブルのものを使用する。,施術野の消毒には70％イソプロピルアルコールを使用する。,抜鍼時に使用した消毒綿花は一般廃棄物として処理する。,4,
はり理論,32,切皮時に一次痛が生じた。関与する侵害受容器はどれか。,高閾値機械受容器,ポリモーダル受容器,メルケル盤,毛包受容器,1,
はり理論,32,痛覚の伝導に関与するのはどれか。,脊髄灰白質中間質,脊髄前側索,脊髄後側索,脊髄後索,2,
はり理論,32,鍼刺激による発汗に関与し、エクリン腺に分布する受容体で最も適切なのはどれか。,α受容体,β受容体,ニコチン受容体,ムスカリン受容体,4,
はり理論,32,鍼刺激による皮膚の血流増加に関係するのはどれか。,NO,セロトニン,アンジオテンシン,ノルアドレナリン,1,
はり理論,33,古代九鍼で皮膚を切開するのはどれか。,円　鍼,員利鍼,鈹　鍼,鍉　鍼,3,
はり理論,33,基本17手技で鍼の刺入深度が最も深くなるのはどれか。,屋漏術,管散術,細指術,鍼尖転移法,1,
はり理論,33,特殊鍼法で横刺するのはどれか。,灸頭鍼,小児鍼,皮内鍼,円皮鍼,3,
はり理論,33,鍼療法の禁忌はどれか。,つわり,肉体作業後の筋疲労,脳血管障害後の回復期,手術を必要とする状態,4,
はり理論,33,刺鍼によって心タンポナーデの危険性がある経穴はどれか。,中　府,膻　中,巨　闕,期　門,2,
はり理論,33,鍼施術後に生じる有害事象で、失神の原因として最も考えられるのはどれか。,遺感覚,気　胸,低血糖,脳貧血,4,
はり理論,33,副腎髄質の受容体で、刺鍼により交感神経節前線維から遊離されるアセチルコリンが結合するのはどれか。,α受容体,β受容体,ニコチン受容体,ムスカリン受容体,3,
はり理論,33,青斑核からのニューロンが放出する物質で、脊髄後角において侵害受容情報を阻害するのはどれか。,グルタミン酸,ノルアドレナリン,エンケファリン,βエンドルフィン,2,
はり理論,33,下行性抑制系について最も適切なのはどれか。,侵害受容ニューロンの興奮により賦活する。,中脳水道周囲灰白質のGABA作動性ニューロンの興奮により賦活する。,脊髄前側索を下行する。,ヒスタミンが関与する。,1,
はり理論,33,刺鍼により痛みの悪循環を最も改善させるのはどれか。,α運動ニューロンの興奮,NOによる血管拡張,プロスタグランジンの産生促進,交感神経の興奮,2,
はり理論,34,毫鍼の部位で鍼脚とも呼ばれるのはどれか。,鍼　尖,鍼　体,鍼　根,鍼　柄,3,
はり理論,34,弾入動作を用いて刺激を与える手技はどれか。,管散術,随鍼術,内調術,屋漏術,1,
はり理論,34,灸頭鍼法に使用する鍼で最も適切なのはどれか。,鍼体長30mm,鍼体径0.16mm,凹凸のない鍼柄表面,カシメ式接合された鍼柄,4,
はり理論,34,鍼刺激に対する感受性を決定する要因はどれか。,栄養状態,使用鍼,運鍼速度,刺激時間,1,
はり理論,34,アレルギーによりアルコール系消毒薬が使用できない患者に対して、施術部位の消毒に適しているのはどれか。,イソプロパノール,クロルヘキシジングルコン酸塩,次亜塩素酸ナトリウム,ホルムアルデヒド,2,
はり理論,34,刺鍼刺激を受容し、ひびき感覚を発生させるのはどれか。,メルケル盤,パチニ小体,ポリモーダル受容器,高閾値機械受容器,3,
はり理論,34,刺鍼による反応で最も早期に起こるのはどれか。,Ⅳ群線維の興奮,疼痛閾値の上昇,自律神経の興奮,刺鍼局所の血管拡張,1,
はり理論,34,下腿前面への刺鍼による迷走神経反射で胃運動が亢進した。関与する九刺はどれか。,絡　刺,巨　刺,大瀉刺,遠道刺,4,
はり理論,34,ストレス誘発性鎮痛において、下垂体前葉から放出されるのはどれか。,オキシトシン,アドレナリン,コルチゾール,βエンドルフィン,4,
はり理論,34,下行性疼痛抑制系の賦活に最も関与するのはどれか。,後索路,脊髄小脳路,脊髄網様体路,前脊髄視床路,3,
きゅう理論,25,透熱灸に用いる艾で最も適切なのはどれか。,繊維が粗い。,灰分が少ない。,葉柄が多い。,黒褐色である。,2,
きゅう理論,25,艾炷の燃焼について正しいのはどれか。,軟らかくひねると熱感が強くなる。,硬くひねると温度の上昇がゆっくりになる。,良質艾では燃焼時間が長くなる。,粗悪艾では最高温度が低くなる。,2,
きゅう理論,25,糖尿病患者で避けるべきなのはどれか。,糸状灸,八分灸,ニンニク灸,押灸,1,
きゅう理論,25,灸あたりについて誤っているのはどれか。,施術後の不潔操作で起こりやすい。,初めて灸療法を受けた場合に起こりやすい。,食欲不振は症状の一つである。,瞑眩ともいう。,1,
きゅう理論,25,有痕灸施術部位の皮膚消毒について最も適切なのはどれか。,次亜塩素酸ナトリウムを用いる。,施灸部位を往復するように拭く。,ラビング法を用いる。,施灸前後に行う。,4,
きゅう理論,25,温度刺激に関して正しいのはどれか。,熱刺激を受容するⅢ群線維がある。,皮膚温が45℃未満の熱刺激では神経性炎症は起こらない。,感覚の順応は起きにくい。,20～40℃の間では皮膚温が高いほど閾値が高くなる。,1,
きゅう理論,25,過敏性腸症候群における下痢に対して、脊髄性の自律神経反射を考慮して灸治療を行う場合、最も効果が期待できるのはどれか。,内庭,足三里,帰来,合谷,3,
きゅう理論,25,施灸局所の血流増加に関与するのはどれか。,圧受容器反射,交感神経-アドレナリン系,広汎性侵害抑制調節,軸索反射,4,
きゅう理論,25,「生体の内部環境は適当な制御機構が働いて、ほぼ一定に維持されている」と定義されるのはどれか。,サイバネティックス,ホメオスタシス,圧自律神経反射,汎適応症候群,2,
きゅう理論,26,強刺激を与える目的で行う灸法で正しいのはどれか。 ,夾雑物が多い艾を用いる。 ,軟らかくひねる｡ ,壮数を少なくする。 ,小さな艾炷を用いる。,1,
きゅう理論,26,月経異常に対する灸療法で最も適応となるのはどれか。 ,40歳頃から月経量が多く、月経痛とともに月経血中に血塊が混ざる。 ,13歳で初経を迎え､2年後から月経痛に悩んでいる。 ,28歳で月経痛が発症し、月経ごとに数日間強い下腹部痛を伴う。 ,頻発月経で3周期以上無排卵月経が続いている。,2,
きゅう理論,26,温筒灸を行った際に、第Ⅱ度熱傷予防のため、艾炷を取り除く目安はどれか。 ,フレアが出始めた時点 ,温かさを感じ始めた時点 ,ヒリヒリとした熱さを感じ始めた時点 ,我慢することができなくなった時点 ,3,
きゅう理論,26,WHOの｢鍼の基礎教育と安全性に関するガイドライン(1999年)｣で有痕灸を避けることとしている 部位にある経穴はどれか。 ,巨髎 ,淵腋 ,環跳 ,丘墟 ,1,
きゅう理論,26,知熱灸を行う際に最も注意を要するのはどれか。 ,認知症 ,関節リウマチ ,骨粗鬆症 ,過敏性腸症候群,1,
きゅう理論,26,第12胸神経から第2腰神経の皮膚分節領域に関連痛が現れる臓器はどれか。 ,心臓 ,肝臓 ,胆嚢 ,腎臓,4,
きゅう理論,26,温度覚について正しいのはどれか。 ,温受容器の形態は特定の受容器構造をもつ。 ,熱刺激による興奮はⅡ群線維によって伝達される。 ,2次求心性ニューロンの細胞体は延髄の後索核にある。 ,右下肢の熱刺激の興奮は左の大脳皮質の体性感覚野に伝わる。,4,
きゅう理論,26,透熱灸によるヒスタミンの分泌に直接関与するのはどれか。 ,好中球 ,形質細胞 ,肥満細胞 ,マクロファージ,3,
きゅう理論,26,透熱灸刺激では起こらない鎮痛機序はどれか。 ,下行性痛覚抑制系 ,広汎性侵害抑制調節 ,ゲートコントロール説に基づく鎮痛系 ,血流改善による発痛物質の洗い流しに基づく鎮痛,3,
きゅう理論,27,灸法で施灸部の組織を破壊しないのはどれか。,打膿灸,焦灼灸,透熱灸,押　灸,4,
きゅう理論,27,艾の燃焼に関して正しいのはどれか。,軟らかくひねると燃焼時間が長い。,良質艾は燃焼温度が低い。,乾いた艾は燃焼時間が長い。,硬くひねると燃焼温度は低い。,2,
きゅう理論,27,艾を使用しないのはどれか。,漆　灸,塩　灸,味噌灸,ニンニク灸,1,
きゅう理論,27,灸あたりの症状はどれか。,めまい,チアノーゼ,胸　痛,しびれ,1,
きゅう理論,27,関連痛に直接関与しないのはどれか。,侵害受容器,広作動域ニューロン,Ⅰb 群求心性線維,外側脊髄視床路,3,
きゅう理論,27,ポリモーダル受容器が受容した熱痛を主に伝導するのはどれか。,A a 線維,A β線維,A γ 線維,C 線維,4,
きゅう理論,27,透熱灸施灸により生成されるアラキドン酸代謝産物はどれか。,プロスタグランジン,サブスタンス P,CGRP,ヒスタミン,1,
きゅう理論,27,透熱灸による局所炎症反応で正しいのはどれか。,皮膚血流量減少,血管透過性抑制,血小板凝集能亢進,マスト細胞活性抑制,3,
きゅう理論,27,手足の冷えを改善する灸の治療的作用はどれか。,鎮静作用,防衛作用,誘導作用,矯正作用,3,
きゅう理論,27,足三里へ多壮灸をした後、患者がすぐに全身倦怠感を訴えた。この原因を説明するのに適切なのはどれか。,サイバネティックス,ストレス学説,レイリー現象,圧自律神経反射,3,
きゅう理論,28,良質艾の精製工程で最も時間をかけて不純物を取り除くのはどれか。,裁断機,石　臼,けんどん(長唐箕),唐　箕,4,
きゅう理論,28,透熱灸を避けるべき経穴はどれか。,神　堂,顴　髎,風　市,臑　会,2,
きゅう理論,28,灸あたりについて誤っているのはどれか。,瞑眩の一種である。,水疱の破壊により起こる。,めまいは症状の一つである。,灸療法を再開したときは総刺激量を少なくする。,2,
きゅう理論,28,糖尿病患者に対する灸施術で灸痕化膿リスクが最も低いのはどれか。,艾条灸,焦灼灸,透熱灸,打膿灸,1,
きゅう理論,28,灸による温熱刺激の受容・伝導について誤っているのはどれか。,熱刺激で開くイオンチャネルが存在する。,Ⅳ群線維によって伝導される。,脊髄後角の侵害受容ニューロンへ伝達する。,熱痛情報は脊髄後側索を上行する。,4,
きゅう理論,28,デルマトームを考慮した体性-自律神経反射を利用して下痢の灸治療を行う場合、最も効果が期待できるのはどれか。,梁　門,帰　来,脾　兪,足三里,3,
きゅう理論,28,透熱灸の施灸局所で発痛を増強するのはどれか。,ヒスタミン,ブラジキニン,CGRP,プロスタグランジン,4,
きゅう理論,28,施灸局所の肥満細胞から放出される血管透過性亢進物質はどれか。,IgE,補　体,ヒスタミン,ブラジキニン,3,
きゅう理論,28,広汎性侵害抑制性調節(DNIC)が最も関与するのはどれか。,合谷に透熱灸を行い歯痛が緩和した。,足三里に七分灸を行い胃痛が改善した。,大腸兪にショウガ灸を行い腰痛が改善した。,梁丘に温筒灸を行い膝痛が改善した。,1,
きゅう理論,28,施灸後早期に貪食能の活性が亢進すると考えられるのはどれか。,T細胞,好中球,線維芽細胞,マクロファージ,2,
きゅう理論,29,艾について誤っているのはどれか。,ヨモギの葉の裏面には毛茸が多い。,毛茸は良質艾に含まれる。,柄細胞は揮発性の精油を含む。,シネオールは線維様物質である。,4,
きゅう理論,29,母指と示指で艾炷を覆い、ゆっくり八分目で消火する灸法はどれか。,透熱灸,焦灼灸,打膿灸,知熱灸,4,
きゅう理論,29,透熱灸施灸部の消毒方法で最も適切なのはどれか。,ラビング法を用いる｡,施灸前後に行う｡,次亜塩素酸ナトリウムを用いる。,施灸部位を往復するように拭く。,2,
きゅう理論,29,透熱灸を行う場合、最も注意しなければならない疾患はどれか。,全身性エリテマトーデス,過敏性腸症候群,月経困難症,変形性腰椎症,1,
きゅう理論,29,灸あたりの一般的症状でないのはどれか。,悪　寒,発　熱,胸　痛,頭　重,3,
きゅう理論,29,透熱灸による熱刺激の伝導路はどれか。,外側皮質脊髄路,外側脊髄視床路,腹側脊髄視床路,後索路,2,
きゅう理論,29,有痕灸を避けるべき部位はどれか。,頭頂部,爪根部,頬　部,胸骨部,3,
きゅう理論,29,施灸局所のフレア現象について正しいのはどれか。,広作動域ニューロンが関与する。,単シナプス反射によって生じる。,CGRPの遊離によって生じる。,内因性オピオイドが関与する。,3,
きゅう理論,29,透熱灸によって血圧上昇をきたす反射の遠心路を構成する神経線維はどれか。,Aα線維,Aβ線維,Aδ線維,C線維,4,
きゅう理論,29,1回の透熱灸による生体反応で正しいのはどれか。,血管透過性の抑制,補体の活性化,肥満細胞の脱顆粒抑制,血液凝固時間の延長,2,
きゅう理論,30,艾の製造工程で使用する用具と用途の組合せで正しいのはどれか。,裁断機　---------　夾雑物をふるい落とす。,石臼　---------　葉脈を除去する。,けんどん（長唐箕）　---------　乾燥したヨモギを粉砕する。,唐箕　---------　毛茸の表面付着物を除去する。,4,
きゅう理論,30,無痕灸で主に輻射熱を用いるのはどれか。,漆　灸,塩　灸,艾条灸,味噌灸,3,
きゅう理論,30,施灸後に紅斑と痛みが出現した。該当する熱傷はどれか。,Ⅰ　度,浅達性Ⅱ度,深達性Ⅱ度,Ⅲ　度,1,
きゅう理論,30,灸痕の化膿を防止する方法で誤っているのはどれか。,艾柱を小さくする。,同一点に施灸する。,水疱を掻破する。,痂皮を保護する。,3,
きゅう理論,30,副腎皮質ホルモン剤を長期服用している患者への施灸方法で最も適しているのはどれか。,棒　灸,焦灼灸,透熱灸,糸状灸,1,
きゅう理論,30,施灸時の熱刺激を伝える一次求心性神経線維はどれか。,Ⅰa群線維,Ⅰb群線維,Ⅱ群線維,Ⅳ群線維,4,
きゅう理論,30,熱刺激の伝導で一次求心性神経線維のシナプスがあるのはどれか。,胸髄核,薄束核,楔状束核,脊髄後角,4,
きゅう理論,30,施灸時の組織障害によって放出されるアラキドン酸代謝物はどれか。,ロイコトリエン,セロトニン,CGRP,ヒスタミン,1,
きゅう理論,30,透熱灸による局所炎症反応で最も早期の反応はどれか。,好中球の活性化,血管透過性の亢進,リンパ球の浸潤,マクロファージの活性化,2,
きゅう理論,30,熱刺激時のアドレナリン増加を説明する根拠として適切なのはどれか。,圧自律神経反射,広汎性侵害抑制調節,交感神経—副腎髄質系,視床下部—下垂体‐副腎皮質系,3,
きゅう理論,31,艾の製造工程で艾葉から毛茸を剥離するのに用いるのはどれか。,裁断機,石　臼,けんどん,唐　箕,2,
きゅう理論,31,施灸に用いる線香について誤っているのはどれか。,原料にはタブ粉を用いる。,生産量が最も多いのは兵庫県である。,湿気を含むと折れにくい。,途中で消えないものが望ましい。,3,
きゅう理論,31,知熱灸について誤っているのはどれか。,無痕灸の一つである。,患者が熱さを感じたら取り除く。,虚弱者にも適応となる。,施灸部にⅡ度熱傷が生じる。,4,
きゅう理論,31,灸あたりの予防として最も適切なのはどれか。,艾炷のひねりを硬くする。,艾炷の底面を広くする。,刺激量の少ない灸法を選択する。,施灸後の皮膚消毒を念入りに行う。,3,
きゅう理論,31,痛みを伴う熱刺激を伝導するのはどれか。,Aα線維,Aβ線維,Aγ線維,Aδ線維,4,
きゅう理論,31,灸による温熱刺激の受容・伝導について正しいのはどれか。,カプサイシン受容体（TRPV1受容体）が応答する。,Ⅱ群線維によって伝導される。,温度感覚は順応が起こりにくい。,熱痛情報は脊髄後索を上行する。,1,
きゅう理論,31,血管に対し収縮性に作用する物質はどれか。,NO,CGRP,アデノシン,ノルアドレナリン,4,
きゅう理論,31,施灸刺激の早期より肥満細胞から放出されるのはどれか。,IgE,補　体,ヒスタミン,アドレナリン,3,
きゅう理論,31,灸療法の治療的作用において、細網内皮系の機能亢進に関与するのはどれか。,調整作用,鎮痛作用,転調作用,防衛作用,4,
きゅう理論,31,灸施術による局所炎症反応に最も関与するのはどれか。,ルフィニ終末興奮,Ib線維興奮,インターロイキン6産生,カプサイシン産生,3,
きゅう理論,32,透熱灸に用いる艾の品質で最も適切なのはどれか。,湿気を帯びている,夾雑物が多い。,淡黄白色である。,灰分が多い。,3,
きゅう理論,32,焦灼灸について正しいのはどれか。,一局所に多壮施灸する。,患者が気持ち良いところで消火する。,免疫機能低下者に適した灸法である。,輻射熱による温熱刺激を与えることを目的とする。,1,
きゅう理論,32,輻射熱を用いるのはどれか。,押　灸,箱　灸,塩　灸,紅　灸,2,
きゅう理論,32,小児に対して最も適した灸法はどれか。,透熱灸,焦灼灸,打膿灸,艾条灸,4,
きゅう理論,32,温熱刺激情報を二次ニューロンへ伝達するのはどれか。,グルタミン酸,ノルアドレナリン,アセチルコリン,ドパミン,1,
きゅう理論,32,透熱灸刺激の伝導に関係するのはどれか。,脊髄前角,薄　束,脳幹網様体,内側毛帯,3,
きゅう理論,32,施灸による交感神経活動の亢進反応はどれか。,血圧上昇,皮膚血管拡張,瞳孔括約筋収縮,気管支平滑筋収縮,1,
きゅう理論,32,施灸により胃運動亢進をきたす反射の遠心路を構成するのはどれか。,Aα線維とAγ線維,Aβ線維とB線維,Aδ線維とC線維,B線維とC線維,4,
きゅう理論,32,透熱灸による急性炎症反応で最も遅く出現するのはどれか。,ブラジキニンの放出,セロトニンの放出,補体の滲出,膠原線維の産生,4,
きゅう理論,32,温熱ストレスにより抗炎症性に働くのはどれか。,コルチゾール,プロスタグランジン,インターロイキン6（IL-6）,ヒスタミン,1,
きゅう理論,33,透熱灸に用いる艾について正しいのはどれか。,夾雑物が多い。,灰分が多い。,精油成分が多い。,黒褐色である。,3,
きゅう理論,33,艾を使用しないのはどれか。,ビワの葉灸,ショウガ灸,押　灸,紅　灸,4,
きゅう理論,33,透熱灸を行う上で最も注意が必要なのはどれか。,低血圧症,骨粗鬆症,糖尿病,月経困難症,3,
きゅう理論,33,透熱灸を最も避けるべき経穴はどれか。,陽　白,陽　谷,陽　池,陽　交,1,
きゅう理論,33,有痕灸施術部の消毒で最も適切なのはどれか。,清拭圧は強めで行う。,施灸前後に行う。,施灸部を往復するように拭く。,次亜塩素酸ナトリウムを用いる。,2,
きゅう理論,33,熱刺激情報の伝導路はどれか。,外側皮質脊髄路,外側脊髄視床路,腹側脊髄視床路,外側網様体脊髄路,2,
きゅう理論,33,施灸局所に起こる軸索反射について適切なのはどれか。,血漿が漏出する。,ノルアドレナリンが関与する。,Aβ線維の興奮によって生じる。,特異的侵害受容ニューロンが関与する。,1,
きゅう理論,33,透熱灸による炎症反応で、アナフィラトキシンとして作用するのはどれか。,IgE,補　体,コルチゾール,ヒスタミン,2,
きゅう理論,33,透熱灸による反応で最も早期に起こるのはどれか。,ポリモーダル受容器の興奮,白血球の浸潤,温熱感覚の認知,施灸局所の血管拡張,1,
きゅう理論,33,透熱灸により組織損傷部から放出される物質で、末梢性の痛覚過敏に関与するのはどれか。,NO,アドレナリン,アセチルコリン,セロトニン,4,
きゅう理論,34,艾の製造工程において、けんどんの用途はどれか。,夾雑物をふるい落とす。,艾葉から毛茸を剥離する。,乾燥したヨモギを粉砕する。,毛茸表面付着物を除去する。,1,
きゅう理論,34,灸術で最も精製度が高い艾を用いるのはどれか。,温　灸,押　灸,隔物灸,糸状灸,4,
きゅう理論,34,焦灼灸について最も適切なのはどれか。,隔物灸の一種である。,艾炷を燃焼の途中で取り去る。,ウオノメの上に施灸する。,温熱効果と薬理効果の両方が期待できる。,3,
きゅう理論,34,知覚過敏者に対する施灸の配慮で正しいのはどれか。,艾炷を大きくする。,壮数を多くする。,ひねりを硬くする。,艾条灸を使用する。,4,
きゅう理論,34,関連痛に最も関与するのはどれか。,脊髄後角作動性ニューロン,マイスネル小体,Ⅱ群求心性線維,前脊髄視床路,1,
きゅう理論,34,透熱灸後のフレア現象で最も早期に起こるのはどれか。,逆行性伝導,順行性伝導,侵害受容器の興奮,神経ペプチドの遊離,3,
きゅう理論,34,透熱灸で生じた施灸局所の膨隆に最も関与するのはどれか。,ノルアドレナリン,CGRP,エンケファリン,エンドセリン,2,
きゅう理論,34,侵害性熱刺激によって生じる発汗に最も関与するのはどれか。,脊髄前角,楔状束核,内側毛帯,延髄網様体,4,
きゅう理論,34,施灸により血圧上昇をきたす反射の遠心路を構成するのはどれか。,Aα線維,Aγ線維,Aδ線維,B線維,4,
きゅう理論,34,施灸局所の皮膚血流を増加させる内皮細胞由来の物質はどれか。,NO,VIP(血管作動性腸ペプチド),サブスタンスP,ブラジキニン,1,
